Site,DissolvedOxygen,WaterTemp,Volume,UnitLength,MaxDepth,Tributary,PoolStudyDate,SampleNumber,AvgWidth,AvgDepth,RiffleCrestThalweg,RiffleLength,PoolTailCrest,Canopy,AlgaeColor,AlgaeCover,RiffleAvgWidth,RiffleAvgDepth,Discharge_cfs,Connected,PoolArea,RiffleArea,Year,CohoYOY_Pass1,CohoParr_Pass1,SteelheadYOY_Pass1,SteelheadParr_Pass1,Date_Pass1,CohoYOY_Pass2,CohoParr_Pass2,SteelheadYOY_Pass2,SteelheadParr_Pass2,Date_Pass2,Observers_Pass1,Observers_Pass2,Average_DO,Average_Temperature,Min_DO,Max_DO,Max_Temperature,ReachType,CohoYOY_MAX,SteelheadYOY_MAX,SteelheadParr_MAX
PS-GRE-P1,9.01,14.9,16.565368,28.59024,61.2648,Green Valley Creek,6/8/2017,1,2.959947,19.574927,7.0104,9.4488,15.24,85,B,2,1.43256,NA,NA,NA,84.625548,13.535967,2017,NA,NA,NA,NA,NA,NA,NA,NA,NA,NA,NA,NA,8.898333333,15.08761905,8.69,9.05,15.18,bedrock,0,0,0
PS-GRE-P2,9.18,14.6,20.131831,16.48968,67.056,Green Valley Creek,6/8/2017,1,4.74726,25.7175,NA,3.84048,6.096,85,B,2,2.80416,NA,NA,NA,78.280765,10.769316,2017,NA,NA,NA,NA,NA,NA,NA,NA,NA,NA,NA,NA,9.303090909,14.87345455,8.95,9.55,15,alluvial,0,0,0
PS-GRE-P3,8.32,13.6,10.914232,14.26464,61.2648,Green Valley Creek,6/12/2017,1,3.17754,24.0792,7.0104,5.76072,7.62,95,B,2,1.64592,NA,0.659771446,NA,45.326445,9.48168,2017,NA,NA,NA,NA,NA,NA,NA,NA,NA,NA,NA,NA,8.221785714,14.57,7.65,8.51,15.06,clay,0,0,0
PS-GRE-P4,8.7,14.1,16.849825,22.79904,51.2064,Green Valley Creek,6/12/2017,1,3.805646,19.420088,9.7536,3.53568,15.24,90,B,2,2.40792,NA,0.551247372,NA,86.76503,8.513631,2017,NA,NA,NA,NA,NA,NA,NA,NA,NA,NA,NA,NA,8.5725,14.72916667,8.17,8.77,15.26,clay,0,0,0
PS-MIL-P1,8.99,18.2,35.725671,41.69664,61.2648,Mill Creek,6/13/2017,1,3.20802,26.7081,15.8496,3.5052,14.9352,85,B,2,3.71856,NA,5.276737661,NA,133.763597,13.034291,2017,NA,NA,NA,NA,NA,NA,NA,NA,NA,NA,NA,NA,8.466842105,17.83631579,8.23,8.99,18.56,alluvial,0,0,0
PS-MIL-P2,9,16.9,26.582347,19.2024,72.8472,Mill Creek,6/13/2017,1,4.46913,30.9753,12.4968,9.50976,15.5448,90,B,2,3.80492,NA,5.330336231,NA,85.817985,36.18386,2017,NA,NA,NA,NA,NA,NA,NA,NA,NA,NA,NA,NA,8.418571429,17.70571429,8.08,9,18.58,alluvial,0,0,0
PS-MIL-P3,9.91,14.5,63.395082,33.8328,78.0288,Mill Creek,6/13/2017,1,5.53212,33.8709,25.908,3.16992,12.192,95,B,2,2.69748,NA,5.417546304,NA,187.167029,8.550792,2017,NA,NA,NA,NA,NA,NA,NA,NA,NA,NA,NA,NA,9.3692,16.298,9.15,9.91,17.26,bedrock,0,0,0
PS-MIL-P4,9.5,13.1,33.68572,19.56816,98.7552,Mill Creek,6/13/2017,1,4.16814,41.3004,15.24,12.86256,10.668,80,B,2,4.24688,NA,1.703487052,NA,81.562795,54.625724,2017,NA,NA,NA,NA,NA,NA,NA,NA,NA,NA,NA,NA,9.128813559,14.88101695,8.85,9.58,15.68,bedrock,0,0,0
PS-DUT-P1,8.12,16.4,45.792948,40.72128,100.8888,Dutch Bill Creek,6/15/2017,1,4.01574,28.0035,11.2776,8.16864,10.3632,90,NA,1,1.4224,NA,2.032278332,NA,163.526003,11.619067,2017,NA,NA,NA,NA,NA,NA,NA,NA,NA,NA,NA,NA,7.715789474,15.95210526,7.19,8.19,16.42,alluvial,0,0,0
PS-DUT-P2,7.48,15.4,20.308041,25.87752,56.388,Dutch Bill Creek,6/15/2017,1,3.29565,23.8125,11.5824,12.954,10.9728,80,NA,1,2.45872,NA,1.438861122,NA,85.283212,31.850243,2017,NA,NA,NA,NA,NA,NA,NA,NA,NA,NA,NA,NA,7.307391304,15.65043478,6.97,7.68,15.86,alluvial,0,0,0
PS-DUT-P3,8.54,14.3,24.059904,24.44496,52.1208,Dutch Bill Creek,6/15/2017,1,5.1054,19.2786,20.1168,14.9352,17.0688,90,NA,1,2.52984,NA,1.610446405,NA,124.801245,37.78365,2017,NA,NA,NA,NA,NA,NA,NA,NA,NA,NA,NA,NA,8.582033898,15.7359322,8.04,8.93,16.36,alluvial,0,0,0
PS-DUT-P4,9.58,14.1,44.449126,37.4904,96.9264,Dutch Bill Creek,6/15/2017,1,5.17779,22.8981,15.5448,7.0104,9.144,95,NA,1,3.51536,NA,1.059910855,NA,194.117335,24.644068,2017,NA,NA,NA,NA,NA,NA,NA,NA,NA,NA,NA,NA,9.121836735,16.07469388,8.44,9.88,17.14,bedrock,0,0,0
PS-GRE-P1,7.91,17.4,14.07534,28.59024,59.7408,Green Valley Creek,6/26/2017,2,2.72034,18.0975,4.8768,9.4488,10.9728,NA,B,2,1.56464,NA,0.567891435,BOTH,77.77514,14.783963,2017,32,0,38,0,42912,30,0,56,0,6/28/2017,WB,TC,7.833333333,17.673125,7.48,8.18,18.6,bedrock,32,56,0
PS-GRE-P2,9.57,18.7,17.017687,16.48968,64.008,Green Valley Creek,6/26/2017,2,4.59105,22.479,7.9248,3.84048,4.8768,NA,B,5,2.40792,NA,0.452256166,BOTH,75.704913,9.247565,2017,42,0,24,0,42912,32,0,22,0,6/28/2017,WB,TC,8.641979167,17.37854167,7.75,10.13,18.62,alluvial,42,24,0
PS-GRE-P3,7.33,17.5,9.070449,14.26464,66.7512,Green Valley Creek,6/26/2017,2,3.02895,20.9931,5.4864,5.76072,5.1816,NA,B,2,1.54432,NA,0.3560877,BOTH,43.206863,8.89639,2017,14,0,14,0,42912,20,0,10,0,6/28/2017,WB,TC,6.873333333,16.99541667,6.46,7.34,17.6,clay,20,14,0
PS-GRE-P4,8.48,18.2,13.471095,22.79904,49.0728,Green Valley Creek,6/26/2017,2,3.6576,16.1544,10.9728,3.53568,4.572,NA,B,2,1.60528,NA,0.271644469,BOTH,83.389733,5.675753,2017,34,0,14,2,42912,51,0,27,0,6/28/2017,WB,TC,8.211354167,17.11,7.85,8.62,18.22,clay,51,27,2
PS-MIL-P1,9.11,20.5,33.379518,41.69664,58.8264,Mill Creek,6/27/2017,2,3.08991,25.908,14.6304,3.5052,12.8016,NA,M,2,2.80416,NA,3.172917164,BOTH,128.838809,9.829137,2017,0,0,48,6,42913,0,0,80,2,6/28/2017,NB,TC,8.363333333,18.78916667,7.84,9.17,20.62,alluvial,0,80,6
PS-MIL-P2,8.59,20.7,23.619163,19.2024,68.8848,Mill Creek,6/27/2017,2,4.23672,29.0322,9.4488,9.50976,10.0584,NA,B,2,3.64744,NA,3.269877519,BOTH,81.355157,34.686262,2017,4,0,36,0,42913,4,0,38,0,6/28/2017,NB,TC,8.007083333,18.66958333,7.53,8.67,20.68,alluvial,4,38,0
PS-MIL-P3,9.55,18.3,61.088684,33.8328,82.9056,Mill Creek,6/27/2017,2,5.49783,32.8422,21.9456,3.16992,12.8016,NA,NA,1,2.69748,NA,3.186318423,BOTH,186.006903,8.550792,2017,160,0,48,0,42913,172,0,54,0,6/28/2017,NB,TC,9.167395833,18.08291667,8.81,9.61,20.22,bedrock,172,54,0
PS-MIL-P3,9.55,18.3,61.088684,33.8328,82.9056,Mill Creek,6/27/2017,2,5.49783,32.8422,21.9456,3.16992,12.8016,NA,NA,1,2.69748,NA,3.556065781,BOTH,186.006903,8.550792,2017,160,0,48,0,42913,172,0,54,0,6/28/2017,NB,TC,9.167395833,18.08291667,8.81,9.61,20.22,bedrock,172,54,0
PS-MIL-P4,9.33,16,32.441426,19.56816,97.2312,Mill Creek,6/27/2017,2,4.27863,38.7477,17.0688,12.86256,9.144,NA,B,2,4.19608,NA,1.453392881,BOTH,83.72488,53.972305,2017,116,0,24,0,42913,122,0,26,0,6/28/2017,WB,TC,8.924166667,16.69291667,8.6,9.33,18,bedrock,122,26,0
PS-DUT-P1,8.16,17.6,39.36069,40.72128,96.6216,Dutch Bill Creek,6/29/2017,2,3.90906,24.7269,9.7536,8.16864,8.8392,NA,B,1,1.38176,NA,NA,BOTH,159.181858,11.287094,2017,0,0,1,0,42914,0,0,2,0,6/29/2017,TC,ER,7.93875,16.05895833,7.31,8.72,17.58,alluvial,0,2,0
PS-DUT-P2,6.53,17.1,20.392747,25.87752,56.6928,Dutch Bill Creek,6/29/2017,2,3.3147,23.7744,9.7536,12.954,9.144,NA,M,2,2.34696,NA,NA,BOTH,85.776179,30.402507,2017,0,0,9,0,42914,0,0,3,0,6/29/2017,TC,ER,6.3196875,16.63083333,6.08,6.73,17.2,alluvial,0,9,0
PS-DUT-P3,8.83,17.2,22.916594,24.44496,48.768,Dutch Bill Creek,6/29/2017,2,5.02158,18.669,18.5928,14.9352,16.4592,NA,B,2,2.50952,NA,NA,BOTH,122.752269,37.480165,2017,126,0,15,0,42914,78,0,8,4,6/29/2017,TC,ER,8.265520833,16.53416667,7.93,8.93,17.66,alluvial,126,15,4
PS-DUT-P4,9.5,15.1,46.441223,37.4904,95.7072,Dutch Bill Creek,6/29/2017,2,5.12826,24.1554,14.9352,7.0104,7.9248,NA,B,2,3.05816,NA,1.311301273,BOTH,192.260436,21.438915,2017,156,0,16,4,42914,114,3,18,6,6/29/2017,TC,ER,8.960208333,16.03979167,8.2,9.71,17.78,bedrock,156,18,6
PS-GRE-P3,5.9,17.4,8.922127,14.26464,64.6176,Green Valley Creek,7/10/2017,3,2.97942,20.9931,4.572,5.76072,5.4864,NA,B,2,1.17856,NA,0.198665236,BOTH,42.500335,6.78935,2017,10,0,6,0,42926,18,0,10,0,7/12/2017,ER,TC,5.7359375,17.335625,5.46,6.18,18.32,clay,18,10,0
PS-GRE-P1,7.32,16.7,11.414825,28.59024,59.1312,Green Valley Creek,7/10/2017,3,2.50698,15.9258,4.572,9.4488,8.5344,NA,B,2,1.53416,NA,0.335141891,BOTH,71.675129,14.495964,2017,46,0,54,0,42926,36,0,26,0,7/12/2017,CO,TC,7.446041667,17.795,7.09,7.8,19.24,bedrock,46,54,0
PS-GRE-P2,7.22,16.9,16.132753,16.48968,63.0936,Green Valley Creek,7/10/2017,3,4.55295,21.4884,6.7056,3.84048,3.9624,NA,B,4,2.51968,NA,0.164877815,BOTH,75.076656,9.676776,2017,56,0,32,0,42926,44,0,40,0,7/12/2017,CO,TC,6.832604167,17.499375,5.64,8.24,19.42,alluvial,56,40,0
PS-GRE-P4,7.42,17.9,12.987984,22.79904,51.816,Green Valley Creek,7/10/2017,3,3.675017,15.501244,7.9248,3.53568,3.6576,NA,B,2,1.65608,NA,0.155936788,BOTH,83.786821,5.855366,2017,38,0,6,0,42926,58,0,12,0,7/12/2017,ER,TC,7.095,17.509375,6.26,7.63,19.08,clay,58,12,0
PS-DUT-P1,7.02,15.4,38.659749,40.72128,96.9264,Dutch Bill Creek,7/11/2017,3,3.53949,26.8224,7.0104,8.16864,6.4008,NA,B,2,1.25984,NA,0.51954271,BOTH,144.132501,10.291174,2017,1,0,2,0,42927,0,0,8,0,7/12/2017,ER,TC,8.211041667,16.204375,6.86,9.68,17.56,alluvial,1,8,0
PS-DUT-P2,4.47,16.7,17.896995,25.87752,54.864,Dutch Bill Creek,7/11/2017,3,3.2766,21.1074,7.3152,12.954,7.0104,NA,B,3,2.07264,NA,0.304921907,BOTH,84.790246,26.848967,2017,0,0,2,0,42927,0,0,3,0,7/12/2017,ER,TC,4.588645833,16.7775,4.16,4.98,17.72,alluvial,0,3,0
PS-DUT-P3,8.21,18.2,21.211209,24.44496,49.9872,Dutch Bill Creek,7/11/2017,3,4.8768,17.7927,15.5448,14.9352,15.5448,NA,B,2,2.286,NA,NA,BOTH,119.21313,34.141853,2017,78,0,34,0,42927,64,0,20,0,7/12/2017,CO,TC,7.525208333,17.225,6.77,8.33,18.22,alluvial,78,34,0
PS-DUT-P4,9.19,17.6,44.023933,37.4904,95.0976,Dutch Bill Creek,7/11/2017,3,5.12826,22.8981,12.192,7.0104,8.8392,NA,B,2,2.4892,NA,0.228453804,BOTH,192.260436,17.450279,2017,132,0,12,2,42927,144,0,24,0,7/12/2017,CO,TC,8.6646875,17.03625,6.71,9.78,18.1,bedrock,144,24,2
PS-MIL-P1,8.61,17.2,29.289819,41.69664,59.7408,Mill Creek,7/13/2017,3,3.01752,23.2791,12.192,3.5052,9.4488,NA,B,4,1.8288,NA,1.611718888,BOTH,125.820391,6.410307,2017,0,0,57,6,42928,2,0,40,4,7/13/2017,TC,ER,8.239895833,18.49291667,7.38,9.59,20.04,alluvial,2,57,6
PS-MIL-P2,8.2,17.3,20.755018,19.2024,66.1416,Mill Creek,7/13/2017,3,4.09956,26.3652,6.7056,9.50976,8.5344,NA,B,2,3.06832,NA,1.617442177,BOTH,78.721357,29.178972,2017,4,0,34,4,42928,6,0,39,0,7/13/2017,TC,ER,7.953958333,18.33,7.4,8.68,20.26,alluvial,6,39,4
PS-MIL-P3,9.45,18.6,55.494932,33.8328,80.4672,Mill Creek,7/13/2017,3,5.39496,30.4038,18.288,5.76072,10.3632,NA,B,1,1.95072,NA,2.469401826,BOTH,182.526524,11.237547,2017,166,0,44,0,42928,176,0,34,0,7/13/2017,TC,ER,8.9165625,18.29083333,8.13,9.54,20.66,bedrock,176,44,0
PS-MIL-P4,9.11,18.5,33.197603,19.56816,89.0016,Mill Creek,7/13/2017,3,4.23672,40.0431,14.6304,12.86256,7.3152,NA,B,2,4.18592,NA,0.966772253,BOTH,82.904779,53.841623,2017,138,0,33,0,42928,150,0,16,2,7/13/2017,TC,ER,9.0221875,17.35375,8.63,9.69,18.48,bedrock,150,33,2
PS-GRE-P1,7.14,18.1,11.963228,28.59024,56.0832,Green Valley Creek,7/24/2017,4,2.44602,17.1069,3.3528,9.4488,6.096,NA,B,2,1.39192,NA,0.166720963,BOTH,69.932269,13.151966,2017,44,0,36,0,42940,36,0,30,0,7/26/2017,SB,TC,7.045833333,17.430625,6.3,7.55,18.68,bedrock,44,36,0
PS-GRE-P2,7.82,18.6,15.179216,16.48968,61.5696,Green Valley Creek,7/24/2017,4,4.54152,20.2692,5.7912,3.84048,3.9624,NA,B,2,1.91008,NA,0.080604544,BOTH,74.888179,7.33562,2017,30,0,70,0,42940,42,0,30,0,7/26/2017,SB,TC,6.662708333,17.18125,5.38,8.26,19.42,alluvial,42,70,0
PS-GRE-P4,5.78,16.5,14.015085,22.79904,53.9496,Green Valley Creek,7/24/2017,4,3.592286,17.112325,5.4864,3.53568,4.8768,NA,B,2,1.24968,NA,0.063946418,BOTH,81.900628,4.418467,2017,60,0,15,0,42940,48,0,12,2,7/26/2017,ER,TC,6.908854167,16.95375,5.78,8.27,17.82,clay,60,15,2
PS-GRE-P3,4.73,16.6,8.204559,14.26464,63.7032,Green Valley Creek,7/24/2017,4,2.82702,20.3454,3.3528,5.76072,4.2672,NA,B,2,1.08712,NA,0.059968976,BOTH,40.326405,6.26259,2017,22,0,10,0,42940,16,0,22,0,7/26/2017,ER,TC,4.874791667,16.96770833,3.84,5.99,17.62,clay,22,22,0
PS-DUT-P1,5.27,16,21.848068,38.37432,85.9536,Dutch Bill Creek,7/25/2017,4,2.99466,19.0119,4.572,8.16864,0,NA,NA,1,0.98552,NA,0.110263359,UP ONLY,114.917992,8.050354,2017,0,0,2,0,42941,0,0,2,0,7/26/2017,ER,TC,5.5615625,16.16958333,5,6.68,16.6,alluvial,0,2,0
PS-DUT-P2,2.66,16.6,17.763755,25.87752,53.9496,Dutch Bill Creek,7/25/2017,4,3.23469,21.2217,0,10.9728,4.2672,NA,M,2,1.05664,NA,NA,DOWN ONLY,83.705719,11.594292,2017,0,0,2,1,42941,0,0,2,0,7/26/2017,ER,TC,1.863541667,16.73854167,1.41,2.36,17.66,alluvial,0,2,1
PS-DUT-P3,7.57,17.6,20.062079,24.44496,48.768,Dutch Bill Creek,7/25/2017,4,4.80822,17.0688,15.5448,14.9352,14.9352,NA,B,2,1.9812,NA,0.481097986,BOTH,117.536695,29.589606,2017,62,0,10,0,42941,66,0,12,0,7/26/2017,ER,TC,6.988958333,16.814375,5.91,7.59,17.82,alluvial,66,12,0
PS-DUT-P4,9.26,17,45.895484,37.4904,95.7072,Dutch Bill Creek,7/25/2017,4,5.05206,24.2316,9.144,7.0104,8.2296,NA,B,2,2.91592,NA,0.053751788,BOTH,189.403669,20.441755,2017,147,0,24,3,42941,150,0,21,3,7/26/2017,ER,TC,8.769375,16.27875,8.35,9.82,17.14,bedrock,150,24,3
PS-MIL-P2,7.14,17.3,19.677843,19.2024,64.008,Mill Creek,7/27/2017,4,4.06908,25.1841,6.096,9.50976,6.7056,NA,NA,1,3.00736,NA,0.811428106,BOTH,78.136068,28.599258,2017,0,0,20,0,42942,2,0,12,0,7/27/2017,TC,CO,6.96625,18.471875,6.53,7.46,20.34,alluvial,2,20,0
PS-MIL-P3,9.55,19.7,54.193074,33.8328,79.8576,Mill Creek,7/27/2017,4,5.28828,30.2895,14.3256,3.16992,9.144,NA,B,2,1.70688,NA,1.489434916,BOTH,178.917243,5.410671,2017,166,0,32,0,42942,188,0,46,0,7/27/2017,TC,CO,8.882604167,18.635625,8.12,9.67,21.08,bedrock,188,46,0
PS-MIL-P4,9.39,17.6,33.03166,19.56816,97.536,Mill Creek,7/27/2017,4,4.30149,39.243,12.4968,12.86256,8.2296,NA,B,2,3.76936,NA,0.759754342,BOTH,84.172208,48.483596,2017,138,0,12,3,42942,171,0,24,3,7/27/2017,TC,CO,8.7659375,17.40208333,8.31,9.41,18.64,bedrock,171,24,3
PS-MIL-P1,8.08,17.5,27.96034,41.69664,57.912,Mill Creek,7/27/2017,4,2.96799,22.5933,10.0584,3.5052,6.096,NA,B,2,1.47828,NA,0.922823129,BOTH,123.755157,5.181665,2017,0,0,84,0,42942,0,0,36,2,7/27/2017,TC,CO,7.72125,18.72458333,6.64,9.86,20.32,alluvial,0,84,2
PS-GRE-P2,7.58,16.6,14.698499,16.48968,61.2648,Green Valley Creek,8/7/2017,5,4.56057,19.5453,4.8768,3.84048,2.7432,NA,B,2,1.9304,NA,0.118202808,BOTH,75.202308,7.413659,2017,28,0,24,0,42954,52,0,22,0,8/9/2017,MT,TC,7.3228125,17.25166667,6.76,8.79,19.24,alluvial,52,24,0
PS-GRE-P3,4.19,17,7.802373,14.26464,65.2272,Green Valley Creek,8/7/2017,5,2.72415,20.0787,2.4384,5.76072,4.572,NA,B,2,1.0668,NA,0.047946557,BOTH,38.859002,6.145533,2017,14,0,12,0,42954,20,0,14,0,8/9/2017,MT,TC,4.355833333,16.81520833,3.3,5.24,17.52,clay,20,14,0
PS-GRE-P4,6.06,17.2,13.828216,22.79904,49.9872,Green Valley Creek,8/7/2017,5,3.544388,17.112325,5.7912,3.53568,4.572,NA,NA,1,1.35128,NA,0.025929786,BOTH,80.808619,4.777691,2017,32,0,6,0,42954,34,0,12,0,8/9/2017,MT,TC,5.601875,16.88666667,4.78,6.16,17.76,clay,34,12,0
PS-GRE-P1,6.65,16.6,10.210441,28.59024,51.816,Green Valley Creek,8/7/2017,5,2.33172,15.3162,2.7432,9.4488,2.7432,NA,NA,1,1.2192,NA,0.099771762,BOTH,66.664406,11.519972,2017,30,0,28,0,42954,36,0,26,0,8/9/2017,MT,TC,8.944791667,17.39541667,6.65,10.7,18.78,bedrock,36,28,0
PS-DUT-P1,2.12,15.7,2.637819,19.29384,64.9224,Dutch Bill Creek,8/8/2017,5,1.47066,9.2964,0,0,0,NA,NA,1,0,NA,NA,NEITHER,28.374667,0,2017,0,0,1,0,42955,0,0,5,0,8/9/2017,AM,TC,1.766145833,16.01270833,1.15,2.29,16.48,alluvial,0,5,0
PS-DUT-P2,2.29,16.3,16.628834,25.87752,53.9496,Dutch Bill Creek,8/8/2017,5,3.2004,20.0787,0,8.6868,4.2672,NA,M,2,0.95504,NA,NA,DOWN ONLY,82.818379,8.296237,2017,0,0,5,0,42955,0,0,3,0,8/9/2017,AM,TC,0.798541667,16.52083333,0.13,2.42,17.28,alluvial,0,5,0
PS-DUT-P3,7.03,16.1,20.181804,24.44496,48.768,Dutch Bill Creek,8/8/2017,5,4.7625,17.3355,14.3256,14.9352,14.3256,NA,NA,1,1.94056,NA,0.36145534,BOTH,116.419072,28.982636,2017,56,0,8,0,42955,38,0,2,0,8/9/2017,AM,TC,7.306770833,16.731875,4.77,8.57,17.88,alluvial,56,8,0
PS-DUT-P4,8.55,16.2,48.391464,37.4904,93.2688,Dutch Bill Creek,8/8/2017,5,5.21208,24.765,9.7536,7.0104,5.7912,NA,B,2,2.41808,NA,0.313203908,BOTH,195.40288,16.9517,2017,150,0,18,3,42955,168,0,18,3,8/9/2017,AM,TC,8.568229167,16.27458333,7.53,9.89,16.66,bedrock,168,18,3
PS-MIL-P1,7.2,17.9,25.803455,41.69664,56.6928,Mill Creek,8/10/2017,5,2.83464,21.8313,7.62,3.5052,4.572,NA,B,2,1.2192,NA,0.370371468,BOTH,118.194913,4.273538,2017,0,0,48,3,42956,0,0,42,0,8/10/2017,TC,ER,7.832083333,18.73541667,6.43,10.31,20.36,alluvial,0,48,3
PS-MIL-P2,6.09,17.6,19.184856,19.2024,62.484,Mill Creek,8/10/2017,5,4.01574,24.8793,4.8768,9.50976,5.4864,NA,B,2,3.15976,NA,0.321294487,BOTH,77.111813,30.048544,2017,6,0,30,3,42956,6,0,39,0,8/10/2017,TC,ER,5.91375,18.27083333,5.7,6.14,19.32,alluvial,6,39,3
PS-MIL-P3,9.5,18.7,55.670852,33.8328,78.3336,Mill Creek,8/10/2017,5,5.23494,31.4325,13.716,3.16992,8.2296,NA,B,2,1.50876,NA,1.114256053,BOTH,177.112602,4.782646,2017,136,0,30,0,42956,164,0,32,0,8/10/2017,TC,ER,8.592916667,18.58833333,7.9,9.53,20.46,bedrock,164,32,0
PS-MIL-P4,8.95,18.2,32.696478,19.56816,95.7072,Mill Creek,8/10/2017,5,4.2291,39.5097,12.192,12.86256,6.7056,NA,B,2,3.42392,NA,0.471330825,BOTH,82.75567,44.040356,2017,86,0,14,0,42956,154,0,12,0,8/10/2017,TC,ER,8.489375,17.42375,7.72,9.04,18.44,bedrock,154,14,0
PS-GRE-P1,6.76,16.3,9.773428,28.59024,53.34,Green Valley Creek,8/21/2017,6,2.37363,14.4018,3.3528,9.4488,5.1816,NA,B,2,1.00584,NA,0.089719639,BOTH,67.862622,9.503977,2017,34,0,30,0,42968,36,0,32,0,8/23/2017,ER,TC,6.865625,16.51208333,6.39,7.39,16.8,bedrock,36,32,0
PS-GRE-P3,3.99,16.2,8.917944,14.26464,62.1792,Green Valley Creek,8/21/2017,6,2.95656,21.1455,3.6576,5.76072,4.572,NA,B,2,1.05664,NA,0.040968777,BOTH,42.174246,6.087003,2017,16,0,6,0,42968,16,0,8,0,8/23/2017,ER,TC,4.1475,16.11166667,3.41,4.89,16.34,clay,16,8,0
PS-GRE-P2,7.33,16.4,13.876973,16.48968,58.8264,Green Valley Creek,8/21/2017,6,4.37388,19.2405,5.7912,3.84048,0,NA,B,2,1.68656,NA,0.068883135,UP ONLY,72.123851,6.477197,2017,69,0,24,0,42968,38,0,22,2,8/23/2017,ER,TC,7.013125,16.43729167,6.36,7.91,16.88,alluvial,69,24,2
PS-GRE-P4,6.06,16.2,13.574871,22.79904,51.816,Green Valley Creek,8/21/2017,6,3.62712,16.415644,5.4864,3.53568,4.8768,NA,B,2,1.35128,NA,0.04580969,BOTH,82.694818,4.777691,2017,51,0,9,3,42968,48,0,12,3,8/23/2017,ER,TC,5.6515625,16.065,4.4,6.69,16.3,clay,51,12,3
PS-DUT-P2,2.55,16.2,15.439107,25.87752,53.0352,Dutch Bill Creek,8/22/2017,6,3.16992,18.8214,0,8.2296,3.048,NA,M,2,0.95504,NA,NA,NEITHER,82.029633,7.859593,2017,0,0,8,0,42969,0,0,4,2,8/23/2017,CO,TC,0.759895833,16.30104167,0,2,17,alluvial,0,8,2
PS-DUT-P1,1.79,15.5,0.082735,9.4488,38.4048,Dutch Bill Creek,8/22/2017,6,0.39624,2.2098,0,0,0,NA,NA,1,0,NA,NA,NEITHER,3.743991,0,2017,0,0,3,0,42969,0,0,2,0,8/23/2017,CO,TC,2.126216216,15.47513514,1.79,2.5,15.62,alluvial,0,3,0
PS-DUT-P3,7.02,15.9,19.47662,24.44496,48.4632,Dutch Bill Creek,8/22/2017,6,4.72059,16.8783,15.24,14.9352,11.8872,NA,NA,1,1.95072,NA,0.428169142,BOTH,115.394584,29.134381,2017,44,0,4,0,42969,48,0,8,0,8/23/2017,CO,TC,6.122083333,16.3375,3.3,7.45,17.3,alluvial,48,8,0
PS-DUT-P4,8.92,16.4,48.662321,37.4904,95.0976,Dutch Bill Creek,8/22/2017,6,5.18541,25.0317,8.8392,7.0104,7.62,NA,B,2,1.76784,NA,0.238285821,BOTH,194.403011,12.39326,2017,98,0,12,0,42969,86,0,10,0,8/23/2017,CO,TC,8.337291667,15.92625,7.32,8.92,16.54,bedrock,98,12,0
PS-MIL-P1,7.03,16.8,23.751404,41.69664,55.4736,Mill Creek,8/24/2017,6,2.81559,20.2311,6.7056,3.5052,5.4864,NA,B,2,1.28016,NA,0.29294883,BOTH,117.400592,4.487215,2017,0,0,98,8,42970,4,0,40,0,8/24/2017,TC,ER,6.9884375,17.8875,6.16,8.6,19.64,alluvial,4,98,8
PS-MIL-P2,5.25,16.7,17.898009,19.2024,62.1792,Mill Creek,8/24/2017,6,3.92049,23.7744,4.572,9.50976,4.8768,NA,B,2,2.51968,NA,0.173046662,BOTH,75.282785,23.96154,2017,4,0,34,0,42970,6,0,16,0,8/24/2017,TC,ER,4.890208333,17.2475,3.92,5.65,17.6,alluvial,6,34,0
PS-MIL-P3,9.87,16.9,54.407494,33.8328,79.5528,Mill Creek,8/24/2017,6,5.20446,30.8991,13.716,3.16992,9.4488,NA,B,2,1.524,NA,1.056429108,BOTH,176.081378,4.830956,2017,152,0,50,4,42970,225,0,54,0,8/24/2017,TC,ER,8.899583333,17.445,8.22,9.97,19.28,bedrock,225,54,4
PS-MIL-P4,9.2,16.9,29.912588,19.56816,94.7928,Mill Creek,8/24/2017,6,4.23672,36.0807,6.096,12.86256,7.3152,NA,B,2,3.7084,NA,0.446149445,BOTH,82.904779,47.699494,2017,86,0,30,2,42970,150,0,24,0,8/24/2017,TC,ER,8.7578125,16.371875,8.31,9.32,17.26,bedrock,150,30,2
PS-GRE-P2,3.02,18,3.723585,13.19784,47.244,Green Valley Creek,9/5/2017,7,2.39649,11.7729,0,0,0,NA,B,2,0,NA,NA,NEITHER,31.628478,0,2017,34,0,28,0,42983,52,0,20,0,9/7/2017,ZR,TC,2.2678125,19.03,1.55,4.12,20.6,alluvial,52,28,0
PS-GRE-P1,5.68,18.3,8.941482,28.59024,54.864,Green Valley Creek,9/5/2017,7,2.18313,14.3256,1.524,9.4488,3.3528,NA,B,2,0.94488,NA,0.032743235,BOTH,62.416184,8.927978,2017,30,0,22,2,42983,54,0,54,0,9/7/2017,ZR,TC,5.6721875,18.76166667,0.75,8.56,19.22,bedrock,54,54,2
PS-GRE-P4,3.81,18.4,12.009936,22.79904,50.5968,Green Valley Creek,9/5/2017,7,3.496491,15.065807,4.572,3.53568,3.3528,NA,B,2,1.17856,NA,0.010869325,BOTH,79.71661,4.167009,2017,18,0,12,3,42983,39,0,12,6,9/7/2017,ZR,TC,1.560208333,18.54458333,-0.05,5.01,18.9,clay,39,12,6
PS-GRE-P3,1.97,17.3,7.600794,14.26464,62.1792,Green Valley Creek,9/5/2017,7,2.7051,19.6977,2.4384,5.76072,2.7432,NA,B,2,0.73152,NA,0.003034257,BOTH,38.587261,4.21408,2017,12,0,10,0,42983,20,0,22,0,9/7/2017,ZR,TC,0.156979167,17.81666667,-0.01,1.45,18.06,clay,20,22,0
PS-DUT-P2,1.29,16.2,2.0434,18.92808,33.8328,Dutch Bill Creek,9/6/2017,7,1.4097,7.6581,0,0,0,NA,B,2,0,NA,NA,NEITHER,26.682903,0,2017,0,0,7,0,42984,0,0,7,0,9/7/2017,ER,TC,0.383541667,16.64041667,0,1.03,18.14,alluvial,0,7,0
PS-DUT-P3,5.18,16.6,17.380941,24.44496,46.3296,Dutch Bill Creek,9/6/2017,7,4.51866,15.7353,12.4968,14.9352,10.668,NA,B,1,1.88976,NA,0.097531936,BOTH,110.458415,28.223931,2017,48,0,6,0,42984,46,0,6,0,9/7/2017,ER,TC,2.968854167,17.128125,-0.05,11.15,17.68,alluvial,48,6,0
PS-DUT-P4,7.04,17.1,46.22593,37.4904,96.012,Dutch Bill Creek,9/6/2017,7,5.12064,24.0792,7.62,7.0104,5.7912,NA,B,2,1.36144,NA,0.090917271,BOTH,191.974759,9.544233,2017,120,0,15,0,42984,82,0,10,2,9/7/2017,ER,TC,5.221145833,17.538125,1.55,7.41,18.1,bedrock,120,15,2
PS-DUT-P1,NA,NA,0,0,0,Dutch Bill Creek,9/6/2017,7,0,0,0,0,0,NA,NA,1,0,NA,NA,NA,0,0,2017,NA,NA,NA,NA,NA,NA,NA,NA,NA,NA,NA,NA,NA,NA,NA,NA,NA,alluvial,0,0,0
PS-MIL-P1,6.1,18.1,23.72598,41.69664,56.0832,Mill Creek,9/8/2017,7,2.82321,20.1549,4.8768,3.5052,3.6576,NA,B,2,1.20396,NA,0.25210312,BOTH,117.71832,4.220119,2017,0,0,80,4,42985,4,0,36,0,9/8/2017,TC,ER,6.439791667,19.09333333,5.42,7.62,20.86,alluvial,4,80,4
PS-MIL-P2,2.67,17.6,18.441838,19.2024,62.7888,Mill Creek,9/8/2017,7,3.95097,24.3078,3.048,9.50976,4.8768,NA,B,2,2.26568,NA,0.059664428,BOTH,75.868074,21.546063,2017,3,0,15,0,42985,2,0,10,2,9/8/2017,TC,ER,1.1803125,17.78125,0.47,2.73,17.94,alluvial,3,15,2
PS-MIL-P3,9.05,18.3,50.573129,33.8328,79.5528,Mill Creek,9/8/2017,7,5.05587,29.5656,14.3256,3.16992,8.2296,NA,B,2,1.70688,NA,0.790178763,BOTH,171.054165,5.410671,2017,136,0,82,0,42985,140,0,36,0,9/8/2017,TC,ER,8.318541667,18.86166667,7.71,9.14,20.7,bedrock,140,82,0
PS-MIL-P3,9.05,18.3,50.573129,33.8328,79.5528,Mill Creek,9/8/2017,7,5.05587,29.5656,14.3256,3.16992,8.2296,NA,B,2,1.70688,NA,0.929396421,BOTH,171.054165,5.410671,2017,136,0,82,0,42985,140,0,36,0,9/8/2017,TC,ER,8.318541667,18.86166667,7.71,9.14,20.7,bedrock,140,82,0
PS-MIL-P4,9.1,17.6,35.13726,19.56816,94.1832,Mill Creek,9/8/2017,7,4.25577,42.193007,7.62,12.86256,7.62,NA,B,2,3.97256,NA,0.374493614,BOTH,83.277552,51.097268,2017,196,0,64,0,42986,276,0,32,0,9/8/2017,TC,ER,8.79,17.4325,8.56,9.1,18.16,bedrock,276,64,0
PS-GRE-P1,6.65,15.5,9.210995,28.59024,55.1688,Green Valley Creek,9/18/2017,8,2.21361,14.5542,2.7432,9.4488,2.7432,NA,B,2,0.9144,NA,0.048037354,BOTH,63.287614,8.639979,2017,26,0,24,0,42996,38,0,24,0,9/20/2017,CO,TC,6.545104167,15.92520833,3.18,7.71,16.58,bedrock,38,24,0
PS-GRE-P2,4.19,15.8,3.495708,12.16152,47.5488,Green Valley Creek,9/18/2017,8,2.45745,11.6967,0,0,0,NA,B,2,0,NA,NA,NEITHER,29.886314,0,2017,66,0,16,0,42996,50,0,16,0,9/20/2017,CO,TC,4.1984375,16.06041667,3.56,4.83,17.36,alluvial,66,16,0
PS-GRE-P3,3.73,15.5,7.681881,14.26464,59.436,Green Valley Creek,9/18/2017,8,2.76606,19.4691,2.1336,5.76072,0.9144,NA,B,2,0.75184,NA,0.002206533,UP ONLY,39.456833,4.331137,2017,14,0,8,0,42996,10,0,6,0,9/20/2017,CO,TC,2.952916667,15.51020833,1.34,4.23,15.96,clay,14,8,0
PS-GRE-P4,4.01,15.7,13.258842,22.79904,49.3776,Green Valley Creek,9/18/2017,8,3.609703,16.110844,3.3528,3.53568,2.7432,NA,NA,1,1.05664,NA,0.00422537,BOTH,82.297723,3.735939,2017,36,0,3,3,42996,51,0,3,3,9/20/2017,CO,TC,3.6671875,15.31895833,0.03,7.02,15.94,clay,51,3,3
PS-DUT-P2,2.22,15.6,0.084822,10.91184,21.336,Dutch Bill Creek,9/19/2017,8,0.32385,2.4003,0,0,0,NA,B,2,0,NA,NA,NEITHER,3.533798,0,2017,0,0,0,0,42997,NA,NA,NA,NA,NA,CO,NA,NA,NA,NA,NA,NA,alluvial,0,0,0
PS-DUT-P3,6,14.5,19.492127,24.44496,47.5488,Dutch Bill Creek,9/19/2017,8,4.57962,17.4117,14.9352,14.9352,13.1064,NA,NA,1,1.76784,NA,0.17474066,BOTH,111.94858,26.403033,2017,46,0,6,0,42997,34,0,8,0,9/20/2017,CO,TC,5.715208333,15.33333333,3.9,6.82,16,alluvial,46,8,0
PS-DUT-P4,8.07,13.8,48.5082,37.4904,95.0976,Dutch Bill Creek,9/19/2017,8,5.20065,24.8793,7.0104,7.0104,6.7056,NA,B,2,1.29032,NA,0.11720426,BOTH,194.974365,9.045655,2017,66,0,22,2,42997,141,0,27,0,9/20/2017,CO,TC,7.3021875,14.28145833,6.47,8.23,15.2,bedrock,141,27,2
PS-MIL-P1,6.56,15.3,22.630499,41.69664,50.292,Mill Creek,9/21/2017,8,2.76606,19.6215,2.4384,3.5052,1.8288,NA,B,2,1.20396,NA,0.058564771,UP ONLY,115.335358,4.220119,2017,0,0,46,4,42998,0,0,44,6,9/21/2017,TC,NB,6.005520833,16.07520833,4.88,6.83,17.78,alluvial,0,46,6
PS-MIL-P2,2.83,15.8,18.462576,19.2024,61.2648,Mill Creek,9/21/2017,8,3.88239,24.765,2.4384,9.50976,3.3528,NA,B,2,1.19888,NA,0.002276962,BOTH,74.551174,11.401055,2017,0,0,16,0,42998,1,0,6,0,9/21/2017,TC,NB,2.4946875,15.98083333,1.87,3.64,16.32,alluvial,1,16,0
PS-MIL-P3,9.63,15.5,53.451237,33.8328,79.8576,Mill Creek,9/21/2017,8,5.21589,30.2895,13.1064,3.16992,6.7056,NA,B,2,1.55448,NA,0.478214105,BOTH,176.468087,4.927575,2017,98,0,58,4,42998,123,0,57,0,9/21/2017,TC,NB,8.962395833,15.390625,8.41,9.65,16.88,bedrock,123,58,4
PS-MIL-P4,9.68,14.4,33.383886,19.56816,95.7072,Mill Creek,9/21/2017,8,4.24434,40.1955,4.8768,12.86256,7.62,NA,B,2,3.62712,NA,0.519287823,BOTH,83.053888,46.654029,2017,98,0,26,0,42998,122,0,22,0,9/21/2017,TC,NB,9.493645833,14.2225,9.24,9.73,14.82,bedrock,122,26,0
PS-DUT-P2,NA,NA,0,0,0,Dutch Bill Creek,10/2/2017,9,0,0,0,0,0,NA,NA,1,0,NA,NA,NA,0,0,2017,NA,NA,NA,NA,NA,NA,NA,NA,NA,NA,NA,NA,NA,NA,NA,NA,NA,alluvial,0,0,0
PS-DUT-P3,6.47,14.1,17.437078,24.44496,46.9392,Dutch Bill Creek,10/2/2017,9,4.4577,16.002,12.8016,14.9352,11.8872,NA,NA,1,1.81864,NA,0.07301332,BOTH,108.968251,27.161737,2017,34,0,6,0,43010,30,0,4,0,10/4/2017,CO,TC,6.10875,13.37229167,4.74,6.78,14.02,alluvial,34,6,0
PS-DUT-P4,9.38,12.6,41.806265,37.4904,95.0976,Dutch Bill Creek,10/2/2017,9,5.11683,21.7932,7.0104,7.0104,6.096,NA,NA,1,1.524,NA,0.090368946,BOTH,191.831921,10.683845,2017,82,0,26,2,43010,117,0,18,0,10/4/2017,NB,TC,8.363854167,12.21083333,7.25,9.5,12.86,bedrock,117,26,2
PS-GRE-P1,7.71,12.9,10.204715,28.59024,53.0352,Green Valley Creek,10/2/2017,9,2.44602,14.5923,3.3528,9.4488,4.8768,NA,B,2,1.27,NA,0.091126088,BOTH,69.932269,11.999969,2017,33,0,27,0,43010,26,0,22,2,10/4/2017,CO,TC,8.3684375,13.985625,6.97,9.02,15.14,bedrock,33,27,2
PS-GRE-P2,8.64,12.9,15.586712,16.48968,60.96,Green Valley Creek,10/2/2017,9,4.56057,20.7264,5.4864,3.84048,2.4384,NA,B,2,2.1336,NA,0.122411922,BOTH,75.202308,8.194045,2017,8,0,16,0,43010,26,0,10,0,10/4/2017,CO,TC,8.025520833,13.65416667,5.91,8.64,15.5,alluvial,26,16,0
PS-GRE-P3,5.97,13.3,9.191024,14.26464,59.436,Green Valley Creek,10/2/2017,9,2.99847,21.4884,2.7432,5.76072,4.572,NA,NA,1,1.30048,NA,0.076809392,BOTH,42.772077,7.491697,2017,6,0,8,0,43010,6,0,6,0,10/4/2017,CO,TC,5.7828125,13.69854167,4.97,6.23,14.36,clay,6,8,0
PS-GRE-P4,7.7,13,15.261037,22.79904,51.5112,Green Valley Creek,10/2/2017,9,3.740331,17.896088,6.096,3.53568,4.8768,NA,B,2,1.51384,NA,0.056744846,BOTH,85.275925,5.352451,2017,12,0,4,0,43010,30,0,8,0,10/4/2017,CO,TC,8.015520833,13.34270833,7.28,8.76,14.14,clay,30,8,0
PS-MIL-P1,6.11,13.8,21.547669,41.69664,53.6448,Mill Creek,10/3/2017,9,2.71272,19.05,3.048,3.5052,0.6096,NA,B,2,1.20396,NA,0.052750671,UP ONLY,113.111261,4.220119,2017,0,0,27,0,43011,0,0,25,0,10/4/2017,ER,TC,5.5984375,15.06604167,5.18,6.17,16.92,alluvial,0,27,0
PS-MIL-P2,2.11,15.5,18.601111,19.2024,60.3504,Mill Creek,10/3/2017,9,3.82905,25.2984,1.2192,9.50976,0.9144,NA,NA,1,0.93472,NA,NA,BOTH,73.526918,8.888957,2017,1,0,0,0,43011,0,0,0,0,10/4/2017,ER,TC,1.426770833,15.60958333,0.64,2.29,15.94,alluvial,1,0,0
PS-MIL-P3,9.44,13.9,58.921079,33.8328,80.1624,Mill Creek,10/3/2017,9,5.25399,33.147,13.1064,3.16992,6.096,NA,B,2,1.6764,NA,0.409960674,BOTH,177.757116,5.314052,2017,98,0,28,0,43011,82,0,56,0,10/4/2017,ER,TC,8.747395833,14.385,8.33,9.5,16,bedrock,98,56,0
PS-MIL-P3,9.44,13.9,58.921079,33.8328,80.1624,Mill Creek,10/3/2017,9,5.25399,33.147,13.1064,3.16992,6.096,NA,B,2,1.6764,NA,0.481029273,BOTH,177.757116,5.314052,2017,98,0,28,0,43011,82,0,56,0,10/4/2017,ER,TC,8.747395833,14.385,8.33,9.5,16,bedrock,98,56,0
PS-MIL-P4,9.78,13.1,35.092633,19.56816,95.0976,Mill Creek,10/3/2017,9,4.24434,42.2529,5.4864,12.86256,4.8768,NA,NA,1,3.72872,NA,0.347633664,BOTH,83.053888,47.960863,2017,98,0,20,0,43011,94,0,14,0,10/4/2017,ER,TC,9.546145833,13.03375,9.34,9.8,13.56,bedrock,98,20,0
PS-DUT-P3,7.95,10.6,16.235609,24.44496,42.9768,Dutch Bill Creek,10/16/2017,10,4.34721,15.2781,11.5824,14.9352,9.7536,NA,NA,1,1.51384,NA,0.041869148,BOTH,106.267329,22.60949,2017,28,0,6,0,43024,30,0,6,0,10/18/2017,ER,TC,7.990277778,10.85888889,7.59,8.36,11.5,alluvial,30,6,0
PS-DUT-P4,9.58,9.4,40.935304,37.4904,92.6592,Dutch Bill Creek,10/16/2017,10,4.90728,22.2504,6.096,7.0104,4.8768,NA,NA,1,0.97536,NA,0.043792362,BOTH,183.975811,6.837661,2017,96,0,24,3,43024,120,0,12,3,10/18/2017,ER,TC,9.505454545,9.475454545,9.21,9.79,9.66,bedrock,120,24,3
PS-GRE-P1,8.12,11.5,9.191157,28.59024,52.1208,Green Valley Creek,10/16/2017,10,2.24409,14.3256,1.524,9.4488,0.9144,NA,B,2,0.5588,NA,0.019394432,BOTH,64.159044,5.279986,2017,36,0,12,0,43024,32,0,18,4,10/18/2017,ER,TC,7.225769231,10.97038462,4.27,8.71,11.6,bedrock,36,18,4
PS-GRE-P2,6.73,11.3,3.504463,12.3444,46.6344,Green Valley Creek,10/16/2017,10,2.34315,12.1158,0,0,0,NA,B,2,0,NA,NA,NEITHER,28.924768,0,2017,22,0,6,0,43024,26,0,8,0,10/18/2017,ER,TC,6.062857143,10.09607143,5.78,6.73,10.96,alluvial,26,8,0
PS-GRE-P3,5.2,11.2,4.327586,12.8016,49.3776,Green Valley Creek,10/16/2017,10,2.16408,15.621,0,4.51104,0,NA,NA,1,0.52832,NA,NA,NEITHER,27.703675,2.383271,2017,6,0,0,0,43024,5,0,2,0,10/18/2017,ER,TC,4.905423729,10.36067797,3.82,5.43,11.08,clay,6,2,0
PS-GRE-P4,5.34,10.5,10.42074,21.7932,48.768,Green Valley Creek,10/16/2017,10,3.378926,14.151407,3.048,3.53568,0,NA,NA,1,0.75184,NA,NA,UP ONLY,73.63757,2.658264,2017,16,0,6,0,43024,18,0,8,0,10/18/2017,ER,TC,6.140983607,9.636721311,2.78,8.17,10.24,clay,18,8,0
PS-MIL-P1,5.33,12.4,14.417516,39.10584,48.4632,Mill Creek,10/19/2017,10,2.33172,15.8115,2.1336,3.5052,0,NA,B,2,0.89916,NA,0.049477603,UP ONLY,91.18383,3.151734,2017,0,0,16,4,43026,0,0,28,0,10/19/2017,TC,CO,5.3605,12.442,4.77,6.01,12.5,alluvial,NA,NA,NA
PS-MIL-P3,10.35,11.6,55.156158,33.8328,81.0768,Mill Creek,10/19/2017,10,5.25018,31.0515,14.9352,3.16992,7.3152,NA,B,2,1.58496,NA,0.480386421,BOTH,177.628213,5.024194,2017,84,0,34,2,43026,129,0,33,0,10/19/2017,TC,CO,9.795833333,11.15833333,9.03,10.35,11.62,bedrock,NA,NA,NA
PS-MIL-P4,10.37,11.3,34.288735,19.56816,93.8784,Mill Creek,10/19/2017,10,4.28625,40.8813,7.0104,12.86256,4.2672,NA,B,2,3.46456,NA,0.075892595,BOTH,83.87399,44.563089,2017,168,0,14,0,43026,120,0,16,0,10/19/2017,NB,CO,10.15944444,10.64074074,9.96,10.37,11.26,bedrock,NA,NA,NA
PS-MIL-P2,1.4,14.4,15.455347,18.25752,58.2168,Mill Creek,10/19/2017,10,3.64236,23.241,0,0,0,NA,B,2,0,NA,NA,NEITHER,66.500432,0,2017,0,0,0,0,43026,0,0,0,0,10/19/2017,TC,CO,0.734883721,14.38465116,0.39,1.4,14.46,alluvial,NA,NA,NA
