"","Crew","Site","SiteCode","DissolvedOxygen","WaterTemp","Volume","Comments","UnitLength","MaxDepth","Tributary","PoolStudyDate","SampleNumber","AvgWidth","AvgDepth","RiffleCrestThalweg","RiffleLength","PoolTailCrest","Canopy","AlgaeColor","AlgaeCover","RiffleAvgWidth","RiffleAvgDepth","Discharge_cfs","Connected","PoolArea","RiffleArea","Year","DischargeComments","TripID","HabitatID","CohoYOY_Pass1","CohoParr_Pass1","SteelheadYOY_Pass1","SteelheadParr_Pass1","Date_Pass1","CohoYOY_Pass2","CohoParr_Pass2","SteelheadYOY_Pass2","SteelheadParr_Pass2","Date_Pass2","Observers_Pass1","Observers_Pass2","Average_DO","Average_Temperature","Min_DO","Max_DO","Max_Temperature","ReachType","CohoYOY_MAX","SteelheadYOY_MAX","SteelheadParr_MAX","NA.","NA..1"
"1","TC ER SN CO","PS-GRE-P1","RR-GRE-012.04",9.01,14.9,16.565368,"Training. Surface flow into riffle from Trib3. ",28.59024,61.2648,"Green Valley Creek","2017-06-08",1,2.959947,19.574927,7.0104,9.4488,15.24,85,"B",2,1.43256,NA,NA,NA,84.625548,13.535967,2017,NA,"PSRR-GRE-12.042017060853337","HPSRR-GRE-12.042017060853337",NA,NA,NA,NA,NA,NA,NA,NA,NA,NA,NA,NA,8.89833333333334,15.0876190476191,8.69,9.05,15.18,"bedrock",0,0,0,NA,NA
"2","TC ER SN CO","PS-GRE-P2","RR-GRE-012.79",9.18,14.6,20.131831,"Training ",16.48968,67.056,"Green Valley Creek","2017-06-08",1,4.74726,25.7175,NA,3.84048,6.096,85,"B",2,2.80416,NA,NA,NA,78.280765,10.769316,2017,NA,"PSRR-GRE-12.792017060841520","HPSRR-GRE-12.792017060841520",NA,NA,NA,NA,NA,NA,NA,NA,NA,NA,NA,NA,9.30309090909091,14.8734545454546,8.95,9.55,15,"alluvial",0,0,0,NA,NA
"3","ER CO  ","PS-GRE-P3","RR-GRE-013.91",8.32,13.6,10.914232,NA,14.26464,61.2648,"Green Valley Creek","2017-06-12",1,3.17754,24.0792,7.0104,5.76072,7.62,95,"B",2,1.64592,NA,0.65977144628537,NA,45.326445,9.48168,2017,"At riffle transect 2","PSRR-GRE-13.912017061285203","HPSRR-GRE-13.912017061285203",NA,NA,NA,NA,NA,NA,NA,NA,NA,NA,NA,NA,8.22178571428571,14.57,7.65,8.51,15.06,"clay",0,0,0,NA,NA
"4","ER CO  ","PS-GRE-P4","RR-GRE-014.12",8.7,14.1,16.849825,NA,22.79904,51.2064,"Green Valley Creek","2017-06-12",1,3.805646,19.420088,9.7536,3.53568,15.24,90,"B",2,2.40792,NA,0.551247371618541,NA,86.76503,8.513631,2017,NA,"PSRR-GRE-14.122017061291428","HPSRR-GRE-14.122017061291428",NA,NA,NA,NA,NA,NA,NA,NA,NA,NA,NA,NA,8.5725,14.7291666666667,8.17,8.77,15.26,"clay",0,0,0,NA,NA
"5","ER CO  ","PS-MIL-P1","RR-MIL-000.31",8.99,18.2,35.725671,NA,41.69664,61.2648,"Mill Creek","2017-06-13",1,3.20802,26.7081,15.8496,3.5052,14.9352,85,"B",2,3.71856,NA,5.27673766103901,NA,133.763597,13.034291,2017,NA,"PSRR-MIL-0.312017061387585","HPSRR-MIL-0.312017061387585",NA,NA,NA,NA,NA,NA,NA,NA,NA,NA,NA,NA,8.46684210526316,17.8363157894737,8.23,8.99,18.56,"alluvial",0,0,0,NA,NA
"6","ER CO  ","PS-MIL-P2","RR-MIL-000.57",9,16.9,26.582347,NA,19.2024,72.8472,"Mill Creek","2017-06-13",1,4.46913,30.9753,12.4968,9.50976,15.5448,90,"B",2,3.80492,NA,5.33033623132528,NA,85.817985,36.18386,2017,NA,"PSRR-MIL-0.572017061384129","HPSRR-MIL-0.572017061384129",NA,NA,NA,NA,NA,NA,NA,NA,NA,NA,NA,NA,8.41857142857143,17.7057142857143,8.08,9,18.58,"alluvial",0,0,0,NA,NA
"7","ER CO  ","PS-MIL-P3","RR-MIL-006.59",9.91,14.5,63.395082,NA,33.8328,78.0288,"Mill Creek","2017-06-13",1,5.53212,33.8709,25.908,3.16992,12.192,95,"B",2,2.69748,NA,5.41754630364293,NA,187.167029,8.550792,2017,NA,"PSRR-MIL-6.592017061376273","HPSRR-MIL-6.592017061376273",NA,NA,NA,NA,NA,NA,NA,NA,NA,NA,NA,NA,9.3692,16.298,9.15,9.91,17.26,"bedrock",0,0,0,NA,NA
"8","ER CO  ","PS-MIL-P4","RR-MIL-013.39",9.5,13.1,33.68572,NA,19.56816,98.7552,"Mill Creek","2017-06-13",1,4.16814,41.3004,15.24,12.86256,10.668,80,"B",2,4.24688,NA,1.70348705170452,NA,81.562795,54.625724,2017,NA,"PSRR-MIL-13.392017061369583","HPSRR-MIL-13.392017061369583",NA,NA,NA,NA,NA,NA,NA,NA,NA,NA,NA,NA,9.12881355932204,14.8810169491525,8.85,9.58,15.68,"bedrock",0,0,0,NA,NA
"9","ER CO  ","PS-DUT-P1","RR-DUT-001.96",8.12,16.4,45.792948,"Adjusted gage .08 higher due to loose zip tie. Missing t2 and t3 lb flagging, reflagged. Digital counter malfunctioned, moved cross section upstream, 2 ft upstream of intermittency logger, to count spins more accurately in slower, shallower water.",40.72128,100.8888,"Dutch Bill Creek","2017-06-15",1,4.01574,28.0035,11.2776,8.16864,10.3632,90,NA,1,1.4224,NA,2.03227833240098,NA,163.526003,11.619067,2017,"Digital counter malfunctioned. Used stop watch and moved cross section upstream to accurately count spins in slower and shallower water. Measured about 2 feet upstream of intermittency logger.","PSRR-DUT-1.962017061561417","HPSRR-DUT-1.962017061561417",NA,NA,NA,NA,NA,NA,NA,NA,NA,NA,NA,NA,7.71578947368421,15.9521052631579,7.19,8.19,16.42,"alluvial",0,0,0,NA,NA
"10","ER CO  ","PS-DUT-P2","RR-DUT-002.79",7.48,15.4,20.308041,NA,25.87752,56.388,"Dutch Bill Creek","2017-06-15",1,3.29565,23.8125,11.5824,12.954,10.9728,80,NA,1,2.45872,NA,1.43886112216271,NA,85.283212,31.850243,2017,NA,"PSRR-DUT-2.792017061555954","HPSRR-DUT-2.792017061555954",NA,NA,NA,NA,NA,NA,NA,NA,NA,NA,NA,NA,7.30739130434783,15.6504347826087,6.97,7.68,15.86,"alluvial",0,0,0,NA,NA
"11","ER CO  ","PS-DUT-P3","RR-DUT-004.40",8.54,14.3,24.059904,"Staff plate had sank down over .13 feet. Erco adjusted staff plate to be more accurate. ",24.44496,52.1208,"Dutch Bill Creek","2017-06-15",1,5.1054,19.2786,20.1168,14.9352,17.0688,90,NA,1,2.52984,NA,1.61044640493178,NA,124.801245,37.78365,2017,NA,"PSRR-DUT-4.402017061542550","HPSRR-DUT-4.402017061542550",NA,NA,NA,NA,NA,NA,NA,NA,NA,NA,NA,NA,8.58203389830508,15.7359322033898,8.04,8.93,16.36,"alluvial",0,0,0,NA,NA
"12","ER CO  ","PS-DUT-P4","RR-DUT-007.10",9.58,14.1,44.449126,NA,37.4904,96.9264,"Dutch Bill Creek","2017-06-15",1,5.17779,22.8981,15.5448,7.0104,9.144,95,NA,1,3.51536,NA,1.05991085509285,NA,194.117335,24.644068,2017,NA,"PSRR-DUT-7.102017061550731","HPSRR-DUT-7.102017061550731",NA,NA,NA,NA,NA,NA,NA,NA,NA,NA,NA,NA,9.12183673469388,16.074693877551,8.44,9.88,17.14,"bedrock",0,0,0,NA,NA
"13","ER WB  ","PS-GRE-P1","RR-GRE-012.04",7.91,17.4,14.07534,NA,28.59024,59.7408,"Green Valley Creek","2017-06-26",2,2.72034,18.0975,4.8768,9.4488,10.9728,NA,"B",2,1.56464,NA,0.567891435203436,"BOTH",77.77514,14.783963,2017,NA,"PSRR-GRE-12.042017062697235","HPSRR-GRE-12.042017062697235",32,0,38,0,42912,30,0,56,0,2017-06-28,"WB","TC",7.83333333333333,17.673125,7.48,8.18,18.6,"bedrock",32,56,0,NA,NA
"14","ER WB  ","PS-GRE-P2","RR-GRE-012.79",9.57,18.7,17.017687,"DO logger housing covered in algae ",16.48968,64.008,"Green Valley Creek","2017-06-26",2,4.59105,22.479,7.9248,3.84048,4.8768,NA,"B",5,2.40792,NA,0.452256165976574,"BOTH",75.704913,9.247565,2017,NA,"PSRR-GRE-12.792017062604735","HPSRR-GRE-12.792017062604735",42,0,24,0,42912,32,0,22,0,2017-06-28,"WB","TC",8.64197916666667,17.3785416666667,7.75,10.13,18.62,"alluvial",42,24,0,NA,NA
"15","ER WB  ","PS-GRE-P3","RR-GRE-013.91",7.33,17.5,9.070449,NA,14.26464,66.7512,"Green Valley Creek","2017-06-26",2,3.02895,20.9931,5.4864,5.76072,5.1816,NA,"B",2,1.54432,NA,0.356087699651256,"BOTH",43.206863,8.89639,2017,NA,"PSRR-GRE-13.912017062611401","HPSRR-GRE-13.912017062611401",14,0,14,0,42912,20,0,10,0,2017-06-28,"WB","TC",6.87333333333333,16.9954166666667,6.46,7.34,17.6,"clay",20,14,0,NA,NA
"16","ER WB  ","PS-GRE-P4","RR-GRE-014.12",8.48,18.2,13.471095,NA,22.79904,49.0728,"Green Valley Creek","2017-06-26",2,3.6576,16.1544,10.9728,3.53568,4.572,NA,"B",2,1.60528,NA,0.271644468961343,"BOTH",83.389733,5.675753,2017,NA,"PSRR-GRE-14.122017062615646","HPSRR-GRE-14.122017062615646",34,0,14,2,42912,51,0,27,0,2017-06-28,"WB","TC",8.21135416666667,17.11,7.85,8.62,18.22,"clay",51,27,2,NA,NA
"17","ER NB  ","PS-MIL-P1","RR-MIL-000.31",9.11,20.5,33.379518,NA,41.69664,58.8264,"Mill Creek","2017-06-27",2,3.08991,25.908,14.6304,3.5052,12.8016,NA,"M",2,2.80416,NA,3.17291716378238,"BOTH",128.838809,9.829137,2017,NA,"PSRR-MIL-0.312017062798041","HPSRR-MIL-0.312017062798041",0,0,48,6,42913,0,0,80,2,2017-06-28,"NB","TC",8.36333333333334,18.7891666666667,7.84,9.17,20.62,"alluvial",0,80,6,NA,NA
"18","ER NB  ","PS-MIL-P2","RR-MIL-000.57",8.59,20.7,23.619163,NA,19.2024,68.8848,"Mill Creek","2017-06-27",2,4.23672,29.0322,9.4488,9.50976,10.0584,NA,"B",2,3.64744,NA,3.26987751901362,"BOTH",81.355157,34.686262,2017,NA,"PSRR-MIL-0.572017062701644","HPSRR-MIL-0.572017062701644",4,0,36,0,42913,4,0,38,0,2017-06-28,"NB","TC",8.00708333333333,18.6695833333333,7.53,8.67,20.68,"alluvial",4,38,0,NA,NA
"19","ER NB  ","PS-MIL-P3","RR-MIL-006.59",9.55,18.3,61.088684,NA,33.8328,82.9056,"Mill Creek","2017-06-27",2,5.49783,32.8422,21.9456,3.16992,12.8016,NA,NA,1,2.69748,NA,3.18631842260119,"BOTH",186.006903,8.550792,2017,"Pool study measurement.","PSRR-GRE-13.912017062790596","HPSRR-GRE-13.912017062790596",160,0,48,0,42913,172,0,54,0,2017-06-28,"NB","TC",9.16739583333334,18.0829166666667,8.81,9.61,20.22,"bedrock",172,54,0,NA,NA
"20","ER NB  ","PS-MIL-P3","RR-MIL-006.59",9.55,18.3,61.088684,NA,33.8328,82.9056,"Mill Creek","2017-06-27",2,5.49783,32.8422,21.9456,3.16992,12.8016,NA,NA,1,2.69748,NA,3.55606578136246,"BOTH",186.006903,8.550792,2017,"SCWA Pygmy meter. Discharge underestimated.","PSRR-GRE-13.912017062790596","HPSRR-GRE-13.912017062790596",160,0,48,0,42913,172,0,54,0,2017-06-28,"NB","TC",9.16739583333334,18.0829166666667,8.81,9.61,20.22,"bedrock",172,54,0,NA,NA
"21","ER NB  ","PS-MIL-P4","RR-MIL-013.39",9.33,16,32.441426,"Moved max depth marker from near staff plate to near center channel lwd. We reflagged riffle crest thalweg depth location because no flag was present.",19.56816,97.2312,"Mill Creek","2017-06-27",2,4.27863,38.7477,17.0688,12.86256,9.144,NA,"B",2,4.19608,NA,1.45339288092924,"BOTH",83.72488,53.972305,2017,NA,"PSRR-MIL-13.392017062783670","HPSRR-MIL-13.392017062783670",116,0,24,0,42913,122,0,26,0,2017-06-28,"WB","TC",8.92416666666667,16.6929166666667,8.6,9.33,18,"bedrock",122,26,0,NA,NA
"22","AB LH ER ","PS-DUT-P1","RR-DUT-001.96",8.16,17.6,39.36069,"Did not take flow because Pygmy broken. ",40.72128,96.6216,"Dutch Bill Creek","2017-06-29",2,3.90906,24.7269,9.7536,8.16864,8.8392,NA,"B",1,1.38176,NA,NA,"BOTH",159.181858,11.287094,2017,NA,"PSRR-DUT-1.962017062972165","HPSRR-DUT-1.962017062972165",0,0,1,0,42914,0,0,2,0,2017-06-29,"TC","ER",7.93875,16.0589583333333,7.31,8.72,17.58,"alluvial",0,2,0,NA,NA
"23","AB LH ER ","PS-DUT-P2","RR-DUT-002.79",6.53,17.1,20.392747,"Flow meter broken ",25.87752,56.6928,"Dutch Bill Creek","2017-06-29",2,3.3147,23.7744,9.7536,12.954,9.144,NA,"M",2,2.34696,NA,NA,"BOTH",85.776179,30.402507,2017,NA,"PSRR-DUT-2.792017062969069","HPSRR-DUT-2.792017062969069",0,0,9,0,42914,0,0,3,0,2017-06-29,"TC","ER",6.3196875,16.6308333333333,6.08,6.73,17.2,"alluvial",0,9,0,NA,NA
"24","AB LH ER ","PS-DUT-P3","RR-DUT-004.40",8.83,17.2,22.916594,"Weren't able to take flow because Pygmy 2 broke. Not sure how, we were delicate. Appears cuff below blade broke and was completely missing.",24.44496,48.768,"Dutch Bill Creek","2017-06-29",2,5.02158,18.669,18.5928,14.9352,16.4592,NA,"B",2,2.50952,NA,NA,"BOTH",122.752269,37.480165,2017,NA,"PSRR-DUT-4.402017062964626","HPSRR-DUT-4.402017062964626",126,0,15,0,42914,78,0,8,4,2017-06-29,"TC","ER",8.26552083333333,16.5341666666667,7.93,8.93,17.66,"alluvial",126,15,4,NA,NA
"25","ER AB LH ","PS-DUT-P4","RR-DUT-007.10",9.5,15.1,46.441223,NA,37.4904,95.7072,"Dutch Bill Creek","2017-06-29",2,5.12826,24.1554,14.9352,7.0104,7.9248,NA,"B",2,3.05816,NA,1.31130127325438,"BOTH",192.260436,21.438915,2017,NA,"PSRR-DUT-7.102017062956913","HPSRR-DUT-7.102017062956913",156,0,16,4,42914,114,3,18,6,2017-06-29,"TC","ER",8.96020833333333,16.0397916666667,8.2,9.71,17.78,"bedrock",156,18,6,NA,NA
"26","CO SF ER ","PS-GRE-P3","RR-GRE-013.91",5.9,17.4,8.922127,NA,14.26464,64.6176,"Green Valley Creek","2017-07-10",3,2.97942,20.9931,4.572,5.76072,5.4864,NA,"B",2,1.17856,NA,0.19866523593756,"BOTH",42.500335,6.78935,2017,NA,"PSRR-GRE-13.912017071016140","HPSRR-GRE-13.912017071016140",10,0,6,0,42926,18,0,10,0,2017-07-12,"ER","TC",5.7359375,17.335625,5.46,6.18,18.32,"clay",18,10,0,NA,NA
"27","ER CO SF ","PS-GRE-P1","RR-GRE-012.04",7.32,16.7,11.414825,NA,28.59024,59.1312,"Green Valley Creek","2017-07-10",3,2.50698,15.9258,4.572,9.4488,8.5344,NA,"B",2,1.53416,NA,0.335141891391097,"BOTH",71.675129,14.495964,2017,NA,"PSRR-GRE-12.042017071003000","HPSRR-GRE-12.042017071003000",46,0,54,0,42926,36,0,26,0,2017-07-12,"CO","TC",7.44604166666666,17.795,7.09,7.8,19.24,"bedrock",46,54,0,NA,NA
"28","ER CO SF ","PS-GRE-P2","RR-GRE-012.79",7.22,16.9,16.132753,NA,16.48968,63.0936,"Green Valley Creek","2017-07-10",3,4.55295,21.4884,6.7056,3.84048,3.9624,NA,"B",4,2.51968,NA,0.16487781482399,"BOTH",75.076656,9.676776,2017,NA,"PSRR-GRE-12.792017071009780","HPSRR-GRE-12.792017071009780",56,0,32,0,42926,44,0,40,0,2017-07-12,"CO","TC",6.83260416666667,17.499375,5.64,8.24,19.42,"alluvial",56,40,0,NA,NA
"29","ER CO SF ","PS-GRE-P4","RR-GRE-014.12",7.42,17.9,12.987984,NA,22.79904,51.816,"Green Valley Creek","2017-07-10",3,3.675017,15.501244,7.9248,3.53568,3.6576,NA,"B",2,1.65608,NA,0.155936787834876,"BOTH",83.786821,5.855366,2017,NA,"PSRR-GRE-14.122017071020580","HPSRR-GRE-14.122017071020580",38,0,6,0,42926,58,0,12,0,2017-07-12,"ER","TC",7.095,17.509375,6.26,7.63,19.08,"clay",58,12,0,NA,NA
"30","ER CO SF ","PS-DUT-P1","RR-DUT-001.96",7.02,15.4,38.659749,NA,40.72128,96.9264,"Dutch Bill Creek","2017-07-11",3,3.53949,26.8224,7.0104,8.16864,6.4008,NA,"B",2,1.25984,NA,0.51954270982691,"BOTH",144.132501,10.291174,2017,NA,"PSRR-DUT-1.962017071190292","HPSRR-DUT-1.962017071190292",1,0,2,0,42927,0,0,8,0,2017-07-12,"ER","TC",8.21104166666667,16.204375,6.86,9.68,17.56,"alluvial",1,8,0,NA,NA
"31","ER CO SF ","PS-DUT-P2","RR-DUT-002.79",4.47,16.7,17.896995,"Staff depth is deepest spot ",25.87752,54.864,"Dutch Bill Creek","2017-07-11",3,3.2766,21.1074,7.3152,12.954,7.0104,NA,"B",3,2.07264,NA,0.304921906660795,"BOTH",84.790246,26.848967,2017,NA,"PSRR-DUT-2.792017071195142","HPSRR-DUT-2.792017071195142",0,0,2,0,42927,0,0,3,0,2017-07-12,"ER","TC",4.58864583333333,16.7775,4.16,4.98,17.72,"alluvial",0,3,0,NA,NA
"32","ER CO SF ","PS-DUT-P3","RR-DUT-004.40",8.21,18.2,21.211209,NA,24.44496,49.9872,"Dutch Bill Creek","2017-07-11",3,4.8768,17.7927,15.5448,14.9352,15.5448,NA,"B",2,2.286,NA,NA,"BOTH",119.21313,34.141853,2017,NA,"PSRR-DUT-4.402017071101446","HPSRR-DUT-4.402017071101446",78,0,34,0,42927,64,0,20,0,2017-07-12,"CO","TC",7.52520833333333,17.225,6.77,8.33,18.22,"alluvial",78,34,0,NA,NA
"33","ER CO SF ","PS-DUT-P4","RR-DUT-007.10",9.19,17.6,44.023933,NA,37.4904,95.0976,"Dutch Bill Creek","2017-07-11",3,5.12826,22.8981,12.192,7.0104,8.8392,NA,"B",2,2.4892,NA,0.22845380438431,"BOTH",192.260436,17.450279,2017,NA,"PSRR-GRE-14.122017071106440","HPSRR-GRE-14.122017071106440",132,0,12,2,42927,144,0,24,0,2017-07-12,"CO","TC",8.6646875,17.03625,6.71,9.78,18.1,"bedrock",144,24,2,NA,NA
"34","LH ER  ","PS-MIL-P1","RR-MIL-000.31",8.61,17.2,29.289819,"Max depth= staff gauge at deepest spot",41.69664,59.7408,"Mill Creek","2017-07-13",3,3.01752,23.2791,12.192,3.5052,9.4488,NA,"B",4,1.8288,NA,1.61171888830183,"BOTH",125.820391,6.410307,2017,NA,"PSRR-MIL-0.312017071362500","HPSRR-MIL-0.312017071362500",0,0,57,6,42928,2,0,40,4,2017-07-13,"TC","ER",8.23989583333333,18.4929166666667,7.38,9.59,20.04,"alluvial",2,57,6,NA,NA
"35","LH ER  ","PS-MIL-P2","RR-MIL-000.57",8.2,17.3,20.755018,"changed pool length from 54.1",19.2024,66.1416,"Mill Creek","2017-07-13",3,4.09956,26.3652,6.7056,9.50976,8.5344,NA,"B",2,3.06832,NA,1.61744217708629,"BOTH",78.721357,29.178972,2017,NA,"PSRR-MIL-0.572017071368080","HPSRR-MIL-0.572017071368080",4,0,34,4,42928,6,0,39,0,2017-07-13,"TC","ER",7.95395833333333,18.33,7.4,8.68,20.26,"alluvial",6,39,4,NA,NA
"36","LH ER  ","PS-MIL-P3","RR-MIL-006.59",9.45,18.6,55.494932,"Staff depth is max depth AM- Changed Pool Length from 46.8",33.8328,80.4672,"Mill Creek","2017-07-13",3,5.39496,30.4038,18.288,5.76072,10.3632,NA,"B",1,1.95072,NA,2.46940182606857,"BOTH",182.526524,11.237547,2017,NA,"PSRR-MIL-6.592017071376540","HPSRR-MIL-6.592017071376540",166,0,44,0,42928,176,0,34,0,2017-07-13,"TC","ER",8.9165625,18.2908333333333,8.13,9.54,20.66,"bedrock",176,44,0,NA,NA
"37","LH ER  ","PS-MIL-P4","RR-MIL-013.39",9.11,18.5,33.197603,"AM- Changed pool length from 74.8",19.56816,89.0016,"Mill Creek","2017-07-13",3,4.23672,40.0431,14.6304,12.86256,7.3152,NA,"B",2,4.18592,NA,0.966772253450235,"BOTH",82.904779,53.841623,2017,NA,"PSRR-MIL-13.392017071381880","HPSRR-MIL-13.392017071381880",138,0,33,0,42928,150,0,16,2,2017-07-13,"TC","ER",9.0221875,17.35375,8.63,9.69,18.48,"bedrock",150,33,2,NA,NA
"38","CO ER SF ","PS-GRE-P1","RR-GRE-012.04",7.14,18.1,11.963228,"T4 reflagged right bank",28.59024,56.0832,"Green Valley Creek","2017-07-24",4,2.44602,17.1069,3.3528,9.4488,6.096,NA,"B",2,1.39192,NA,0.166720963438823,"BOTH",69.932269,13.151966,2017,NA,"PSRR-GRE-12.042017072423160","HPSRR-GRE-12.042017072423160",44,0,36,0,42940,36,0,30,0,2017-07-26,"SB","TC",7.04583333333333,17.430625,6.3,7.55,18.68,"bedrock",44,36,0,NA,NA
"39","ER CO SF ","PS-GRE-P2","RR-GRE-012.79",7.82,18.6,15.179216,NA,16.48968,61.5696,"Green Valley Creek","2017-07-24",4,4.54152,20.2692,5.7912,3.84048,3.9624,NA,"B",2,1.91008,NA,0.0806045435732849,"BOTH",74.888179,7.33562,2017,NA,"PSRR-GRE-12.792017072432160","HPSRR-GRE-12.792017072432160",30,0,70,0,42940,42,0,30,0,2017-07-26,"SB","TC",6.66270833333333,17.18125,5.38,8.26,19.42,"alluvial",42,70,0,NA,NA
"40","ER CO SF ","PS-GRE-P4","RR-GRE-014.12",5.78,16.5,14.015085,NA,22.79904,53.9496,"Green Valley Creek","2017-07-24",4,3.592286,17.112325,5.4864,3.53568,4.8768,NA,"B",2,1.24968,NA,0.0639464178521707,"BOTH",81.900628,4.418467,2017,NA,"PSRR-GRE-14.122017072414760","HPSRR-GRE-14.122017072414760",60,0,15,0,42940,48,0,12,2,2017-07-26,"ER","TC",6.90885416666667,16.95375,5.78,8.27,17.82,"clay",60,15,2,NA,NA
"41","SF CO ER ","PS-GRE-P3","RR-GRE-013.91",4.73,16.6,8.204559,"Intermittency logger came out of water and detached from stake. Subtracted 1.7 ft from pool T5, 2.3 from T6, and 1.9 from T7 to account for increased exposure of LWD in transects.",14.26464,63.7032,"Green Valley Creek","2017-07-24",4,2.82702,20.3454,3.3528,5.76072,4.2672,NA,"B",2,1.08712,NA,0.0599689762125742,"BOTH",40.326405,6.26259,2017,NA,"PSRR-GRE-13.912017072418780","HPSRR-GRE-13.912017072418780",22,0,10,0,42940,16,0,22,0,2017-07-26,"ER","TC",4.87479166666666,16.9677083333333,3.84,5.99,17.62,"clay",22,22,0,NA,NA
"42","ER CO  ","PS-DUT-P1","RR-DUT-001.96",5.27,16,21.848068,"PTC is Dry; moved the RCT intermittency logger to the true RCT , leaves stacked up on stake causing scour",38.37432,85.9536,"Dutch Bill Creek","2017-07-25",4,2.99466,19.0119,4.572,8.16864,0,NA,NA,1,0.98552,NA,0.110263359358099,"UP ONLY",114.917992,8.050354,2017,"Getting skinny","PSRR-DUT-1.962017072502780","HPSRR-DUT-1.962017072502780",0,0,2,0,42941,0,0,2,0,2017-07-26,"ER","TC",5.5615625,16.1695833333333,5,6.68,16.6,"alluvial",0,2,0,NA,NA
"43","ER CO  ","PS-DUT-P2","RR-DUT-002.79",2.66,16.6,17.763755,"Intermittency logger is still in tailout of above pool but riffle is dry and flow is subsurface",25.87752,53.9496,"Dutch Bill Creek","2017-07-25",4,3.23469,21.2217,0,10.9728,4.2672,NA,"M",2,1.05664,NA,NA,"DOWN ONLY",83.705719,11.594292,2017,NA,"PSRR-DUT-2.792017072506920","HPSRR-DUT-2.792017072506920",0,0,2,1,42941,0,0,2,0,2017-07-26,"ER","TC",1.86354166666667,16.7385416666666,1.41,2.36,17.66,"alluvial",0,2,1,NA,NA
"44","ER CO  ","PS-DUT-P3","RR-DUT-004.40",7.57,17.6,20.062079,NA,24.44496,48.768,"Dutch Bill Creek","2017-07-25",4,4.80822,17.0688,15.5448,14.9352,14.9352,NA,"B",2,1.9812,NA,0.481097985590375,"BOTH",117.536695,29.589606,2017,NA,"PSRR-DUT-4.402017072510100","HPSRR-DUT-4.402017072510100",62,0,10,0,42941,66,0,12,0,2017-07-26,"ER","TC",6.98895833333333,16.814375,5.91,7.59,17.82,"alluvial",66,12,0,NA,NA
"45","ER CO  ","PS-DUT-P4","RR-DUT-007.10",9.26,17,45.895484,NA,37.4904,95.7072,"Dutch Bill Creek","2017-07-25",4,5.05206,24.2316,9.144,7.0104,8.2296,NA,"B",2,2.91592,NA,0.0537517880156347,"BOTH",189.403669,20.441755,2017,"Poor flow site location","PSRR-DUT-7.102017072513760","HPSRR-DUT-7.102017072513760",147,0,24,3,42941,150,0,21,3,2017-07-26,"ER","TC",8.769375,16.27875,8.35,9.82,17.14,"bedrock",150,24,3,NA,NA
"46","CO ER SS ","PS-MIL-P2","RR-MIL-000.57",7.14,17.3,19.677843,NA,19.2024,64.008,"Mill Creek","2017-07-27",4,4.06908,25.1841,6.096,9.50976,6.7056,NA,NA,1,3.00736,NA,0.811428105720063,"BOTH",78.136068,28.599258,2017,NA,"PSRR-MIL-0.572017072776120","HPSRR-MIL-0.572017072776120",0,0,20,0,42942,2,0,12,0,2017-07-27,"TC","CO",6.96625,18.471875,6.53,7.46,20.34,"alluvial",2,20,0,NA,NA
"47","CO ER SS ","PS-MIL-P3","RR-MIL-006.59",9.55,19.7,54.193074,NA,33.8328,79.8576,"Mill Creek","2017-07-27",4,5.28828,30.2895,14.3256,3.16992,9.144,NA,"B",2,1.70688,NA,1.48943491645921,"BOTH",178.917243,5.410671,2017,NA,"PSRR-MIL-6.592017072788360","HPSRR-MIL-6.592017072788360",166,0,32,0,42942,188,0,46,0,2017-07-27,"TC","CO",8.88260416666667,18.635625,8.12,9.67,21.08,"bedrock",188,46,0,NA,NA
"48","CO ER SS ","PS-MIL-P4","RR-MIL-013.39",9.39,17.6,33.03166,"Marked RCT does not seem to be the control. Measured more likely RCT at 0.24'. Flagged location. ",19.56816,97.536,"Mill Creek","2017-07-27",4,4.30149,39.243,12.4968,12.86256,8.2296,NA,"B",2,3.76936,NA,0.759754342271816,"BOTH",84.172208,48.483596,2017,NA,"PSRR-MIL-13.392017072782000","HPSRR-MIL-13.392017072782000",138,0,12,3,42942,171,0,24,3,2017-07-27,"TC","CO",8.76593750000001,17.4020833333333,8.31,9.41,18.64,"bedrock",171,24,3,NA,NA
"49","ER CO SS ","PS-MIL-P1","RR-MIL-000.31",8.08,17.5,27.96034,"Staff depth is max depth",41.69664,57.912,"Mill Creek","2017-07-27",4,2.96799,22.5933,10.0584,3.5052,6.096,NA,"B",2,1.47828,NA,0.922823128711489,"BOTH",123.755157,5.181665,2017,NA,"PSRR-MIL-0.312017072772340","HPSRR-MIL-0.312017072772340",0,0,84,0,42942,0,0,36,2,2017-07-27,"TC","CO",7.72125,18.7245833333333,6.64,9.86,20.32,"alluvial",0,84,2,NA,NA
"50","ER MT  ","PS-GRE-P2","RR-GRE-012.79",7.58,16.6,14.698499,NA,16.48968,61.2648,"Green Valley Creek","2017-08-07",5,4.56057,19.5453,4.8768,3.84048,2.7432,NA,"B",2,1.9304,NA,0.118202808394604,"BOTH",75.202308,7.413659,2017,NA,"PSRR-GRE-12.792017080727600","HPSRR-GRE-12.792017080727600",28,0,24,0,42954,52,0,22,0,2017-08-09,"MT","TC",7.3228125,17.2516666666667,6.76,8.79,19.24,"alluvial",52,24,0,NA,NA
"51","ER MT  ","PS-GRE-P3","RR-GRE-013.91",4.19,17,7.802373,NA,14.26464,65.2272,"Green Valley Creek","2017-08-07",5,2.72415,20.0787,2.4384,5.76072,4.572,NA,"B",2,1.0668,NA,0.0479465568382451,"BOTH",38.859002,6.145533,2017,NA,"PSRR-GRE-13.912017080735220","HPSRR-GRE-13.912017080735220",14,0,12,0,42954,20,0,14,0,2017-08-09,"MT","TC",4.35583333333333,16.8152083333333,3.3,5.24,17.52,"clay",20,14,0,NA,NA
"52","ER MT  ","PS-GRE-P4","RR-GRE-014.12",6.06,17.2,13.828216,NA,22.79904,49.9872,"Green Valley Creek","2017-08-07",5,3.544388,17.112325,5.7912,3.53568,4.572,NA,NA,1,1.35128,NA,0.0259297855394979,"BOTH",80.808619,4.777691,2017,NA,"PSRR-GRE-14.122017080739000","HPSRR-GRE-14.122017080739000",32,0,6,0,42954,34,0,12,0,2017-08-09,"MT","TC",5.601875,16.8866666666667,4.78,6.16,17.76,"clay",34,12,0,NA,NA
"53","MT ER  ","PS-GRE-P1","RR-GRE-012.04",6.65,16.6,10.210441,NA,28.59024,51.816,"Green Valley Creek","2017-08-07",5,2.33172,15.3162,2.7432,9.4488,2.7432,NA,NA,1,1.2192,NA,0.099771761732966,"BOTH",66.664406,11.519972,2017,NA,"PSRR-GRE-12.042017080722140","HPSRR-GRE-12.042017080722140",30,0,28,0,42954,36,0,26,0,2017-08-09,"MT","TC",8.94479166666667,17.3954166666667,6.65,10.7,18.78,"bedrock",36,28,0,NA,NA
"54","ER AM  ","PS-DUT-P1","RR-DUT-001.96",2.12,15.7,2.637819,NA,19.29384,64.9224,"Dutch Bill Creek","2017-08-08",5,1.47066,9.2964,0,0,0,NA,NA,1,0,NA,NA,"NEITHER",28.374667,0,2017,NA,"PSRR-DUT-1.962017080809440","HPSRR-DUT-1.962017080809440",0,0,1,0,42955,0,0,5,0,2017-08-09,"AM","TC",1.76614583333333,16.0127083333333,1.15,2.29,16.48,"alluvial",0,5,0,NA,NA
"55","ER AM  ","PS-DUT-P2","RR-DUT-002.79",2.29,16.3,16.628834,NA,25.87752,53.9496,"Dutch Bill Creek","2017-08-08",5,3.2004,20.0787,0,8.6868,4.2672,NA,"M",2,0.95504,NA,NA,"DOWN ONLY",82.818379,8.296237,2017,NA,"PSRR-DUT-2.792017080811360","HPSRR-DUT-2.792017080811360",0,0,5,0,42955,0,0,3,0,2017-08-09,"AM","TC",0.798541666666667,16.5208333333333,0.13,2.42,17.28,"alluvial",0,5,0,NA,NA
"56","ER AM  ","PS-DUT-P3","RR-DUT-004.40",7.03,16.1,20.181804,NA,24.44496,48.768,"Dutch Bill Creek","2017-08-08",5,4.7625,17.3355,14.3256,14.9352,14.3256,NA,NA,1,1.94056,NA,0.361455340055335,"BOTH",116.419072,28.982636,2017,"In rt1","PSRR-DUT-4.402017080813460","HPSRR-DUT-4.402017080813460",56,0,8,0,42955,38,0,2,0,2017-08-09,"AM","TC",7.30677083333333,16.731875,4.77,8.57,17.88,"alluvial",56,8,0,NA,NA
"57","ER AM  ","PS-DUT-P4","RR-DUT-007.10",8.55,16.2,48.391464,"New cobble added by ww between transect 3 and 4",37.4904,93.2688,"Dutch Bill Creek","2017-08-08",5,5.21208,24.765,9.7536,7.0104,5.7912,NA,"B",2,2.41808,NA,0.313203908455944,"BOTH",195.40288,16.9517,2017,NA,"PSRR-GRE-14.122017080818260","HPSRR-GRE-14.122017080818260",150,0,18,3,42955,168,0,18,3,2017-08-09,"AM","TC",8.56822916666667,16.2745833333333,7.53,9.89,16.66,"bedrock",168,18,3,NA,NA
"58","ER CO  ","PS-MIL-P1","RR-MIL-000.31",7.2,17.9,25.803455,NA,41.69664,56.6928,"Mill Creek","2017-08-10",5,2.83464,21.8313,7.62,3.5052,4.572,NA,"B",2,1.2192,NA,0.37037146774461,"BOTH",118.194913,4.273538,2017,NA,"PSRR-MIL-0.312017081080980","HPSRR-MIL-0.312017081080980",0,0,48,3,42956,0,0,42,0,2017-08-10,"TC","ER",7.83208333333333,18.7354166666667,6.43,10.31,20.36,"alluvial",0,48,3,NA,NA
"59","ER CO  ","PS-MIL-P2","RR-MIL-000.57",6.09,17.6,19.184856,NA,19.2024,62.484,"Mill Creek","2017-08-10",5,4.01574,24.8793,4.8768,9.50976,5.4864,NA,"B",2,3.15976,NA,0.321294487367619,"BOTH",77.111813,30.048544,2017,NA,"PSRR-MIL-0.572017081085360","HPSRR-MIL-0.572017081085360",6,0,30,3,42956,6,0,39,0,2017-08-10,"TC","ER",5.91375,18.2708333333333,5.7,6.14,19.32,"alluvial",6,39,3,NA,NA
"60","ER CO  ","PS-MIL-P3","RR-MIL-006.59",9.5,18.7,55.670852,NA,33.8328,78.3336,"Mill Creek","2017-08-10",5,5.23494,31.4325,13.716,3.16992,8.2296,NA,"B",2,1.50876,NA,1.11425605296946,"BOTH",177.112602,4.782646,2017,NA,"PSRR-MIL-6.592017081092140","HPSRR-MIL-6.592017081092140",136,0,30,0,42956,164,0,32,0,2017-08-10,"TC","ER",8.59291666666666,18.5883333333333,7.9,9.53,20.46,"bedrock",164,32,0,NA,NA
"61","ER CO  ","PS-MIL-P4","RR-MIL-013.39",8.95,18.2,32.696478,"Alt RCT .25",19.56816,95.7072,"Mill Creek","2017-08-10",5,4.2291,39.5097,12.192,12.86256,6.7056,NA,"B",2,3.42392,NA,0.471330825048361,"BOTH",82.75567,44.040356,2017,NA,"PSRR-MIL-13.392017081097180","HPSRR-MIL-13.392017081097180",86,0,14,0,42956,154,0,12,0,2017-08-10,"TC","ER",8.489375,17.42375,7.72,9.04,18.44,"bedrock",154,14,0,NA,NA
"62","CO ER CS ","PS-GRE-P1","RR-GRE-012.04",6.76,16.3,9.773428,NA,28.59024,53.34,"Green Valley Creek","2017-08-21",6,2.37363,14.4018,3.3528,9.4488,5.1816,NA,"B",2,1.00584,NA,0.0897196385256183,"BOTH",67.862622,9.503977,2017,NA,"PSRR-GRE-12.042017082134380","HPSRR-GRE-12.042017082134380",34,0,30,0,42968,36,0,32,0,2017-08-23,"ER","TC",6.865625,16.5120833333333,6.39,7.39,16.8,"bedrock",36,32,0,NA,NA
"63","CS CO ER ","PS-GRE-P3","RR-GRE-013.91",3.99,16.2,8.917944,NA,14.26464,62.1792,"Green Valley Creek","2017-08-21",6,2.95656,21.1455,3.6576,5.76072,4.572,NA,"B",2,1.05664,NA,0.0409687773116086,"BOTH",42.174246,6.087003,2017,"SRCD Pygmy. Corrected site code and staff reading on 3.13.18","PSRR-GRE-13.912017082145120","HPSRR-GRE-13.912017082145120",16,0,6,0,42968,16,0,8,0,2017-08-23,"ER","TC",4.1475,16.1116666666667,3.41,4.89,16.34,"clay",16,8,0,NA,NA
"64","CS ER CO ","PS-GRE-P2","RR-GRE-012.79",7.33,16.4,13.876973,"Downstream riffle dry.",16.48968,58.8264,"Green Valley Creek","2017-08-21",6,4.37388,19.2405,5.7912,3.84048,0,NA,"B",2,1.68656,NA,0.0688831353407104,"UP ONLY",72.123851,6.477197,2017,NA,"PSRR-GRE-12.792017082139900","HPSRR-GRE-12.792017082139900",69,0,24,0,42968,38,0,22,2,2017-08-23,"ER","TC",7.013125,16.4372916666667,6.36,7.91,16.88,"alluvial",69,24,2,NA,NA
"65","CS ER CO ","PS-GRE-P4","RR-GRE-014.12",6.06,16.2,13.574871,NA,22.79904,51.816,"Green Valley Creek","2017-08-21",6,3.62712,16.415644,5.4864,3.53568,4.8768,NA,"B",2,1.35128,NA,0.0458096898997367,"BOTH",82.694818,4.777691,2017,"SRCD Pygmy","PSRR-GRE-14.122017082148900","HPSRR-GRE-14.122017082148900",51,0,9,3,42968,48,0,12,3,2017-08-23,"ER","TC",5.6515625,16.065,4.4,6.69,16.3,"clay",51,12,3,NA,NA
"66","ER   ","PS-DUT-P2","RR-DUT-002.79",2.55,16.2,15.439107,NA,25.87752,53.0352,"Dutch Bill Creek","2017-08-22",6,3.16992,18.8214,0,8.2296,3.048,NA,"M",2,0.95504,NA,NA,"NEITHER",82.029633,7.859593,2017,NA,"PSRR-DUT-2.792017082219640","HPSRR-DUT-2.792017082219640",0,0,8,0,42969,0,0,4,2,2017-08-23,"CO","TC",0.759895833333333,16.3010416666667,0,2,17,"alluvial",0,8,2,NA,NA
"67","ER CO  ","PS-DUT-P1","RR-DUT-001.96",1.79,15.5,0.082735,NA,9.4488,38.4048,"Dutch Bill Creek","2017-08-22",6,0.39624,2.2098,0,0,0,NA,NA,1,0,NA,NA,"NEITHER",3.743991,0,2017,NA,"PSRR-DUT-1.962017082217660","HPSRR-DUT-1.962017082217660",0,0,3,0,42969,0,0,2,0,2017-08-23,"CO","TC",2.12621621621622,15.4751351351351,1.79,2.5,15.62,"alluvial",0,3,0,NA,NA
"68","ER CO  ","PS-DUT-P3","RR-DUT-004.40",7.02,15.9,19.47662,NA,24.44496,48.4632,"Dutch Bill Creek","2017-08-22",6,4.72059,16.8783,15.24,14.9352,11.8872,NA,NA,1,1.95072,NA,0.428169142029962,"BOTH",115.394584,29.134381,2017,"Moved flow site upstream 10m ","PSRR-DUT-4.402017082223360","HPSRR-DUT-4.402017082223360",44,0,4,0,42969,48,0,8,0,2017-08-23,"CO","TC",6.12208333333333,16.3375,3.3,7.45,17.3,"alluvial",48,8,0,NA,NA
"69","ER CO  ","PS-DUT-P4","RR-DUT-007.10",8.92,16.4,48.662321,NA,37.4904,95.0976,"Dutch Bill Creek","2017-08-22",6,5.18541,25.0317,8.8392,7.0104,7.62,NA,"B",2,1.76784,NA,0.238285820933047,"BOTH",194.403011,12.39326,2017,NA,"PSRR-DUT-7.102017082229900","HPSRR-DUT-7.102017082229900",98,0,12,0,42969,86,0,10,0,2017-08-23,"CO","TC",8.33729166666667,15.92625,7.32,8.92,16.54,"bedrock",98,12,0,NA,NA
"70","ER CO  ","PS-MIL-P1","RR-MIL-000.31",7.03,16.8,23.751404,NA,41.69664,55.4736,"Mill Creek","2017-08-24",6,2.81559,20.2311,6.7056,3.5052,5.4864,NA,"B",2,1.28016,NA,0.292948829794116,"BOTH",117.400592,4.487215,2017,"rcd Pygmy, in riffle transect 1.","PSRR-MIL-0.312017082490280","HPSRR-MIL-0.312017082490280",0,0,98,8,42970,4,0,40,0,2017-08-24,"TC","ER",6.9884375,17.8875,6.16,8.6,19.64,"alluvial",4,98,8,NA,NA
"71","ER CO  ","PS-MIL-P2","RR-MIL-000.57",5.25,16.7,17.898009,NA,19.2024,62.1792,"Mill Creek","2017-08-24",6,3.92049,23.7744,4.572,9.50976,4.8768,NA,"B",2,2.51968,NA,0.173046661720935,"BOTH",75.282785,23.96154,2017,"Rcd pygmy","PSRR-MIL-0.572017082493940","HPSRR-MIL-0.572017082493940",4,0,34,0,42970,6,0,16,0,2017-08-24,"TC","ER",4.89020833333333,17.2475,3.92,5.65,17.6,"alluvial",6,34,0,NA,NA
"72","ER CO  ","PS-MIL-P3","RR-MIL-006.59",9.87,16.9,54.407494,NA,33.8328,79.5528,"Mill Creek","2017-08-24",6,5.20446,30.8991,13.716,3.16992,9.4488,NA,"B",2,1.524,NA,1.05642910779492,"BOTH",176.081378,4.830956,2017,"RCD pygmy","PSRR-MIL-6.592017082400780","HPSRR-MIL-6.592017082400780",152,0,50,4,42970,225,0,54,0,2017-08-24,"TC","ER",8.89958333333333,17.445,8.22,9.97,19.28,"bedrock",225,54,4,NA,NA
"73","ER CO  ","PS-MIL-P4","RR-MIL-013.39",9.2,16.9,29.912588,"Alt RCT .26",19.56816,94.7928,"Mill Creek","2017-08-24",6,4.23672,36.0807,6.096,12.86256,7.3152,NA,"B",2,3.7084,NA,0.446149445209102,"BOTH",82.904779,47.699494,2017,"Rcd pygmy","PSRR-MIL-13.392017082406840","HPSRR-MIL-13.392017082406840",86,0,30,2,42970,150,0,24,0,2017-08-24,"TC","ER",8.7578125,16.371875,8.31,9.32,17.26,"bedrock",150,30,2,NA,NA
"74","CD ER ZR ","PS-GRE-P2","RR-GRE-012.79",3.02,18,3.723585,"Pulled riffle cam and intermittency logger because the riffle dried. No flow measured.",13.19784,47.244,"Green Valley Creek","2017-09-05",7,2.39649,11.7729,0,0,0,NA,"B",2,0,NA,NA,"NEITHER",31.628478,0,2017,NA,"PSRR-GRE-12.792017090532420","HPSRR-GRE-12.792017090532420",34,0,28,0,42983,52,0,20,0,2017-09-07,"ZR","TC",2.2678125,19.03,1.55,4.12,20.6,"alluvial",52,28,0,NA,NA
"75","ER ZR CD ","PS-GRE-P1","RR-GRE-012.04",5.68,18.3,8.941482,"Flag at PTC is blocked with leaf litter. Actually PTC is approximately 1ft towards RR",28.59024,54.864,"Green Valley Creek","2017-09-05",7,2.18313,14.3256,1.524,9.4488,3.3528,NA,"B",2,0.94488,NA,0.0327432351202449,"BOTH",62.416184,8.927978,2017,NA,"PSRR-GRE-12.042017090527200","HPSRR-GRE-12.042017090527200",30,0,22,2,42983,54,0,54,0,2017-09-07,"ZR","TC",5.6721875,18.7616666666667,0.75,8.56,19.22,"bedrock",54,54,2,NA,NA
"76","ER ZR CD ","PS-GRE-P4","RR-GRE-014.12",3.81,18.4,12.009936,NA,22.79904,50.5968,"Green Valley Creek","2017-09-05",7,3.496491,15.065807,4.572,3.53568,3.3528,NA,"B",2,1.17856,NA,0.010869325,"BOTH",79.71661,4.167009,2017,"Spin test: 58","PSRR-GRE-14.122017090537580","HPSRR-GRE-14.122017090537580",18,0,12,3,42983,39,0,12,6,2017-09-07,"ZR","TC",1.56020833333333,18.5445833333333,-0.05,5.01,18.9,"clay",39,12,6,NA,NA
"77","ZR ER CD ","PS-GRE-P3","RR-GRE-013.91",1.97,17.3,7.600794,"Riffle transect 3 rr flag moved, unsure if new place, net is correct

Subtracted wood from pool transect 6 (-1.5) and transect 7(-1.4)",14.26464,62.1792,"Green Valley Creek","2017-09-05",7,2.7051,19.6977,2.4384,5.76072,2.7432,NA,"B",2,0.73152,NA,0.00303425672853828,"BOTH",38.587261,4.21408,2017,"Spin test: 44s, transect about 2ft upstream of flag","PSRR-GRE-13.912017090534700","HPSRR-GRE-13.912017090534700",12,0,10,0,42983,20,0,22,0,2017-09-07,"ZR","TC",0.156979166666667,17.8166666666666,-0.01,1.45,18.06,"clay",20,22,0,NA,NA
"78","AM ER  ","PS-DUT-P2","RR-DUT-002.79",1.29,16.2,2.0434,NA,18.92808,33.8328,"Dutch Bill Creek","2017-09-06",7,1.4097,7.6581,0,0,0,NA,"B",2,0,NA,NA,"NEITHER",26.682903,0,2017,NA,"PSRR-DUT-2.792017090614560","HPSRR-DUT-2.792017090614560",0,0,7,0,42984,0,0,7,0,2017-09-07,"ER","TC",0.383541666666667,16.6404166666667,0,1.03,18.14,"alluvial",0,7,0,NA,NA
"79","AM ER  ","PS-DUT-P3","RR-DUT-004.40",5.18,16.6,17.380941,NA,24.44496,46.3296,"Dutch Bill Creek","2017-09-06",7,4.51866,15.7353,12.4968,14.9352,10.668,NA,"B",1,1.88976,NA,0.0975319363342046,"BOTH",110.458415,28.223931,2017,"Srcd meter spin test 65+ seconds ","PSRR-DUT-4.402017090617260","HPSRR-DUT-4.402017090617260",48,0,6,0,42984,46,0,6,0,2017-09-07,"ER","TC",2.96885416666667,17.128125,-0.05,11.15,17.68,"alluvial",48,6,0,NA,NA
"80","AM ER  ","PS-DUT-P4","RR-DUT-007.10",7.04,17.1,46.22593,NA,37.4904,96.012,"Dutch Bill Creek","2017-09-06",7,5.12064,24.0792,7.62,7.0104,5.7912,NA,"B",2,1.36144,NA,0.0909172711411864,"BOTH",191.974759,9.544233,2017,"Srcd 65+","PSRR-DUT-7.102017090621040","HPSRR-DUT-7.102017090621040",120,0,15,0,42984,82,0,10,2,2017-09-07,"ER","TC",5.22114583333333,17.538125,1.55,7.41,18.1,"bedrock",120,15,2,NA,NA
"81","ER AM  ","PS-DUT-P1","RR-DUT-001.96",NA,NA,0,"Pool totally dry, removed loggers.
",0,0,"Dutch Bill Creek","2017-09-06",7,0,0,0,0,0,NA,NA,1,0,NA,NA,NA,0,0,2017,NA,"PSRR-DUT-1.962017090613660","HPSRR-DUT-1.962017090613660",NA,NA,NA,NA,NA,NA,NA,NA,NA,NA,NA,NA,NA,NA,NA,NA,NA,"alluvial",0,0,0,NA,NA
"82","ER CD  ","PS-MIL-P1","RR-MIL-000.31",6.1,18.1,23.72598,NA,41.69664,56.0832,"Mill Creek","2017-09-08",7,2.82321,20.1549,4.8768,3.5052,3.6576,NA,"B",2,1.20396,NA,0.252103119580453,"BOTH",117.71832,4.220119,2017,"SRCD Pygmy    60+ sec for spin test. Transect one is below rct","PSRR-MIL-0.312017090885800","HPSRR-MIL-0.312017090885800",0,0,80,4,42985,4,0,36,0,2017-09-08,"TC","ER",6.43979166666667,19.0933333333333,5.42,7.62,20.86,"alluvial",4,80,4,NA,NA
"83","ER CD  ","PS-MIL-P2","RR-MIL-000.57",2.67,17.6,18.441838,NA,19.2024,62.7888,"Mill Creek","2017-09-08",7,3.95097,24.3078,3.048,9.50976,4.8768,NA,"B",2,2.26568,NA,0.0596644276530876,"BOTH",75.868074,21.546063,2017,"SRCD Pygmy, spin test= 60. Moved to the head of the upstream pool to try to get spins, 25 feet u/s of xs","PSRR-MIL-0.572017090889220","HPSRR-MIL-0.572017090889220",3,0,15,0,42985,2,0,10,2,2017-09-08,"TC","ER",1.1803125,17.78125,0.47,2.73,17.94,"alluvial",3,15,2,NA,NA
"84","ER CD  ","PS-MIL-P3","RR-MIL-006.59",9.05,18.3,50.573129,NA,33.8328,79.5528,"Mill Creek","2017-09-08",7,5.05587,29.5656,14.3256,3.16992,8.2296,NA,"B",2,1.70688,NA,0.790178763123565,"BOTH",171.054165,5.410671,2017,"SRCD Pygmy. Measuring in bedrock bottleneck at top of riffle. Spin test=65+. PS measurement.","PSRR-MIL-6.592017090894320","HPSRR-MIL-6.592017090894320",136,0,82,0,42985,140,0,36,0,2017-09-08,"TC","ER",8.31854166666667,18.8616666666667,7.71,9.14,20.7,"bedrock",140,82,0,NA,NA
"85","ER CD  ","PS-MIL-P3","RR-MIL-006.59",9.05,18.3,50.573129,NA,33.8328,79.5528,"Mill Creek","2017-09-08",7,5.05587,29.5656,14.3256,3.16992,8.2296,NA,"B",2,1.70688,NA,0.929396420613589,"BOTH",171.054165,5.410671,2017,NA,"PSRR-MIL-6.592017090894320","HPSRR-MIL-6.592017090894320",136,0,82,0,42985,140,0,36,0,2017-09-08,"TC","ER",8.31854166666666,18.8616666666667,7.71,9.14,20.7,"bedrock",140,82,0,NA,NA
"86","ER CD  ","PS-MIL-P4","RR-MIL-013.39",9.1,17.6,35.13726,"Alt RCT = .1",19.56816,94.1832,"Mill Creek","2017-09-08",7,4.25577,42.193007,7.62,12.86256,7.62,NA,"B",2,3.97256,NA,0.374493614234565,"BOTH",83.277552,51.097268,2017,"SRCD Pygmy sin test=65+","PSRR-MIL-13.392017090898880","HPSRR-MIL-13.392017090898880",196,0,64,0,42986,276,0,32,0,2017-09-08,"TC","ER",8.79,17.4325,8.56,9.1,18.16,"bedrock",276,64,0,NA,NA
"87","ER CO  ","PS-GRE-P1","RR-GRE-012.04",6.65,15.5,9.210995,"Labeled PTC has leaves racked up, seems like actual PTC is several inches towards RBK.
T3 RL flag not anchored",28.59024,55.1688,"Green Valley Creek","2017-09-18",8,2.21361,14.5542,2.7432,9.4488,2.7432,NA,"B",2,0.9144,NA,0.0480373542299766,"BOTH",63.287614,8.639979,2017,"RCD Pygmy: Spin Test = 65 + seconds","PSRR-GRE-12.042017091851720","HPSRR-GRE-12.042017091851720",26,0,24,0,42996,38,0,24,0,2017-09-20,"CO","TC",6.54510416666667,15.9252083333333,3.18,7.71,16.58,"bedrock",38,24,0,NA,NA
"88","ER CO  ","PS-GRE-P2","RR-GRE-012.79",4.19,15.8,3.495708,"Dry above and below 
",12.16152,47.5488,"Green Valley Creek","2017-09-18",8,2.45745,11.6967,0,0,0,NA,"B",2,0,NA,NA,"NEITHER",29.886314,0,2017,NA,"PSRR-GRE-12.792017091856460","HPSRR-GRE-12.792017091856460",66,0,16,0,42996,50,0,16,0,2017-09-20,"CO","TC",4.1984375,16.0604166666667,3.56,4.83,17.36,"alluvial",66,16,0,NA,NA
"89","ER CO  ","PS-GRE-P3","RR-GRE-013.91",3.73,15.5,7.681881,"Riffle below PTC almost dry. Not flowing, just standing water. T7 wood as problematic as ever, 9.3 with wood.",14.26464,59.436,"Green Valley Creek","2017-09-18",8,2.76606,19.4691,2.1336,5.76072,0.9144,NA,"B",2,0.75184,NA,0.00220653347064882,"UP ONLY",39.456833,4.331137,2017,"RCD Pygmy: spin test = 66","PSRR-GRE-13.912017091859520","HPSRR-GRE-13.912017091859520",14,0,8,0,42996,10,0,6,0,2017-09-20,"CO","TC",2.95291666666667,15.5102083333333,1.34,4.23,15.96,"clay",14,8,0,NA,NA
"90","ER CO  ","PS-GRE-P4","RR-GRE-014.12",4.01,15.7,13.258842,NA,22.79904,49.3776,"Green Valley Creek","2017-09-18",8,3.609703,16.110844,3.3528,3.53568,2.7432,NA,NA,1,1.05664,NA,0.00422537002526733,"BOTH",82.297723,3.735939,2017,"RCD Pygmy:  Spin test= 70+ seconds","PSRR-GRE-14.122017091862580","HPSRR-GRE-14.122017091862580",36,0,3,3,42996,51,0,3,3,2017-09-20,"CO","TC",3.6671875,15.3189583333333,0.03,7.02,15.94,"clay",51,3,3,NA,NA
"91","ER CO  ","PS-DUT-P2","RR-DUT-002.79",2.22,15.6,0.084822,"Too shallow to snorkel, looked from above. No salmonids. Removed loggers, do loggercurrently reading air.",10.91184,21.336,"Dutch Bill Creek","2017-09-19",8,0.32385,2.4003,0,0,0,NA,"B",2,0,NA,NA,"NEITHER",3.533798,0,2017,NA,"PSRR-DUT-2.792017091936920","HPSRR-DUT-2.792017091936920",0,0,0,0,42997,NA,NA,NA,NA,NA,"CO",NA,NA,NA,NA,NA,NA,"alluvial",0,0,0,NA,NA
"92","ER CO  ","PS-DUT-P3","RR-DUT-004.40",6,14.5,19.492127,NA,24.44496,47.5488,"Dutch Bill Creek","2017-09-19",8,4.57962,17.4117,14.9352,14.9352,13.1064,NA,NA,1,1.76784,NA,0.174740660279877,"BOTH",111.94858,26.403033,2017,"SRCD Pygmy, spin test = 65+","PSRR-DUT-4.402017091939080","HPSRR-DUT-4.402017091939080",46,0,6,0,42997,34,0,8,0,2017-09-20,"CO","TC",5.71520833333333,15.3333333333333,3.9,6.82,16,"alluvial",46,8,0,NA,NA
"93","ER CO  ","PS-DUT-P4","RR-DUT-007.10",8.07,13.8,48.5082,NA,37.4904,95.0976,"Dutch Bill Creek","2017-09-19",8,5.20065,24.8793,7.0104,7.0104,6.7056,NA,"B",2,1.29032,NA,0.117204260073965,"BOTH",194.974365,9.045655,2017,"SRCD Pygmy, spin test 65+","PSRR-DUT-7.102017091943040","HPSRR-DUT-7.102017091943040",66,0,22,2,42997,141,0,27,0,2017-09-20,"CO","TC",7.3021875,14.2814583333333,6.47,8.23,15.2,"bedrock",141,27,2,NA,NA
"94","ER NB  ","PS-MIL-P1","RR-MIL-000.31",6.56,15.3,22.630499,NA,41.69664,50.292,"Mill Creek","2017-09-21",8,2.76606,19.6215,2.4384,3.5052,1.8288,NA,"B",2,1.20396,NA,0.0585647712507809,"UP ONLY",115.335358,4.220119,2017,"SRCD meter. Spin test =65+","PSRR-MIL-0.312017092114100","HPSRR-MIL-0.312017092114100",0,0,46,4,42998,0,0,44,6,2017-09-21,"TC","NB",6.00552083333334,16.0752083333333,4.88,6.83,17.78,"alluvial",0,46,6,NA,NA
"95","ER NB  ","PS-MIL-P2","RR-MIL-000.57",2.83,15.8,18.462576,"Riffle transect one is almost parallel to riffle, mostly just wet gravel. For T5 the riffle dried so there is an extra 1.4ft past flag.",19.2024,61.2648,"Mill Creek","2017-09-21",8,3.88239,24.765,2.4384,9.50976,3.3528,NA,"B",2,1.19888,NA,0.00227696173351775,"BOTH",74.551174,11.401055,2017,"Very minimal flow. Attempted to take flow at top of RL pool upstream of ps P2. Used SRCD pigmy. 65+ spins","PSRR-MIL-0.572017092116980","HPSRR-MIL-0.572017092116980",0,0,16,0,42998,1,0,6,0,2017-09-21,"TC","NB",2.4946875,15.9808333333333,1.87,3.64,16.32,"alluvial",1,16,0,NA,NA
"96","ER NB  ","PS-MIL-P3","RR-MIL-006.59",9.63,15.5,53.451237,NA,33.8328,79.8576,"Mill Creek","2017-09-21",8,5.21589,30.2895,13.1064,3.16992,6.7056,NA,"B",2,1.55448,NA,0.478214104615673,"BOTH",176.468087,4.927575,2017,"Used SRCD pigmy meter. 65+ seconds.","PSRR-MIL-6.592017092121600","HPSRR-MIL-6.592017092121600",98,0,58,4,42998,123,0,57,0,2017-09-21,"TC","NB",8.96239583333333,15.390625,8.41,9.65,16.88,"bedrock",123,58,4,NA,NA
"97","ER NB  ","PS-MIL-P4","RR-MIL-013.39",9.68,14.4,33.383886,"Alt RCT= .12",19.56816,95.7072,"Mill Creek","2017-09-21",8,4.24434,40.1955,4.8768,12.86256,7.62,NA,"B",2,3.62712,NA,0.519287823015275,"BOTH",83.053888,46.654029,2017,"Used SRCD pigmy. 65+ seconds. 2ft downstream of riffle T2","PSRR-MIL-13.392017092125740","HPSRR-MIL-13.392017092125740",98,0,26,0,42998,122,0,22,0,2017-09-21,"TC","NB",9.49364583333333,14.2225,9.24,9.73,14.82,"bedrock",122,26,0,NA,NA
"98","ER CO  ","PS-DUT-P2","RR-DUT-002.79",NA,NA,0,NA,0,0,"Dutch Bill Creek","2017-10-02",9,0,0,0,0,0,NA,NA,1,0,NA,NA,NA,0,0,2017,NA,"PSRR-DUT-2.792017100284480","HPSRR-DUT-2.792017100284480",NA,NA,NA,NA,NA,NA,NA,NA,NA,NA,NA,NA,NA,NA,NA,NA,NA,"alluvial",0,0,0,NA,NA
"99","ER CO  ","PS-DUT-P3","RR-DUT-004.40",6.47,14.1,17.437078,NA,24.44496,46.9392,"Dutch Bill Creek","2017-10-02",9,4.4577,16.002,12.8016,14.9352,11.8872,NA,NA,1,1.81864,NA,0.0730133197979353,"BOTH",108.968251,27.161737,2017,"RCD Pygmy. Spin test = 60","PSRR-DUT-4.402017100279560","HPSRR-DUT-4.402017100279560",34,0,6,0,43010,30,0,4,0,2017-10-04,"CO","TC",6.10875,13.3722916666667,4.74,6.78,14.02,"alluvial",34,6,0,NA,NA
"100","ER CO  ","PS-DUT-P4","RR-DUT-007.10",9.38,12.6,41.806265,NA,37.4904,95.0976,"Dutch Bill Creek","2017-10-02",9,5.11683,21.7932,7.0104,7.0104,6.096,NA,NA,1,1.524,NA,0.0903689456386146,"BOTH",191.831921,10.683845,2017,"RCD pygmy, spin test = 60+","PSRR-DUT-7.102017100275600","HPSRR-DUT-7.102017100275600",82,0,26,2,43010,117,0,18,0,2017-10-04,"NB","TC",8.36385416666667,12.2108333333333,7.25,9.5,12.86,"bedrock",117,26,2,NA,NA
"101","ER CO  ","PS-GRE-P1","RR-GRE-012.04",7.71,12.9,10.204715,"Flag T3 on RLB was moved/loose, we relocated 10.5 feet US from flag 2",28.59024,53.0352,"Green Valley Creek","2017-10-02",9,2.44602,14.5923,3.3528,9.4488,4.8768,NA,"B",2,1.27,NA,0.0911260880617386,"BOTH",69.932269,11.999969,2017,"Spin test > 60","PSRR-GRE-12.042017100258800","HPSRR-GRE-12.042017100258800",33,0,27,0,43010,26,0,22,2,2017-10-04,"CO","TC",8.3684375,13.985625,6.97,9.02,15.14,"bedrock",33,27,2,NA,NA
"102","ER CO  ","PS-GRE-P2","RR-GRE-012.79",8.64,12.9,15.586712,"Releaseupstream has reconnected this pool. RCT stake was removed when riffle dried. Measured at estimated RCT.",16.48968,60.96,"Green Valley Creek","2017-10-02",9,4.56057,20.7264,5.4864,3.84048,2.4384,NA,"B",2,2.1336,NA,0.122411922065399,"BOTH",75.202308,8.194045,2017,"Release occurring upstream. RCD Pygmy. Spin test =65","PSRR-GRE-12.792017100262640","HPSRR-GRE-12.792017100262640",8,0,16,0,43010,26,0,10,0,2017-10-04,"CO","TC",8.02552083333333,13.6541666666667,5.91,8.64,15.5,"alluvial",26,16,0,NA,NA
"103","ER CO  ","PS-GRE-P3","RR-GRE-013.91",5.97,13.3,9.191024,NA,14.26464,59.436,"Green Valley Creek","2017-10-02",9,2.99847,21.4884,2.7432,5.76072,4.572,NA,NA,1,1.30048,NA,0.0768093917968288,"BOTH",42.772077,7.491697,2017,"Spin test at> 60","PSRR-GRE-13.912017100266420","HPSRR-GRE-13.912017100266420",6,0,8,0,43010,6,0,6,0,2017-10-04,"CO","TC",5.7828125,13.6985416666667,4.97,6.23,14.36,"clay",6,8,0,NA,NA
"104","ER CO  ","PS-GRE-P4","RR-GRE-014.12",7.7,13,15.261037,NA,22.79904,51.5112,"Green Valley Creek","2017-10-02",9,3.740331,17.896088,6.096,3.53568,4.8768,NA,"B",2,1.51384,NA,0.0567448461210991,"BOTH",85.275925,5.352451,2017,"RCD Pygmy. Spin test = 67","PSRR-GRE-14.122017100270080","HPSRR-GRE-14.122017100270080",12,0,4,0,43010,30,0,8,0,2017-10-04,"CO","TC",8.01552083333333,13.3427083333333,7.28,8.76,14.14,"clay",30,8,0,NA,NA
"105","ER CO  ","PS-MIL-P1","RR-MIL-000.31",6.11,13.8,21.547669,NA,41.69664,53.6448,"Mill Creek","2017-10-03",9,2.71272,19.05,3.048,3.5052,0.6096,NA,"B",2,1.20396,NA,0.052750670604215,"UP ONLY",113.111261,4.220119,2017,"Rcd pygmy, spin test = 58. Pool study measurement","PSRR-MIL-0.312017100347180","HPSRR-MIL-0.312017100347180",0,0,27,0,43011,0,0,25,0,2017-10-04,"ER","TC",5.5984375,15.0660416666667,5.18,6.17,16.92,"alluvial",0,27,0,NA,NA
"106","ER CO  ","PS-MIL-P2","RR-MIL-000.57",2.11,15.5,18.601111,"Riffle Transects were not set up great, still connected but 2 RT are dry
Pool length -1.6 feet",19.2024,60.3504,"Mill Creek","2017-10-03",9,3.82905,25.2984,1.2192,9.50976,0.9144,NA,NA,1,0.93472,NA,NA,"BOTH",73.526918,8.888957,2017,NA,"PSRR-MIL-0.572017100350540","HPSRR-MIL-0.572017100350540",1,0,0,0,43011,0,0,0,0,2017-10-04,"ER","TC",1.42677083333333,15.6095833333333,0.64,2.29,15.94,"alluvial",1,0,0,NA,NA
"107","ER CO  ","PS-MIL-P3","RR-MIL-006.59",9.44,13.9,58.921079,"T4 rr flag missing, used protocol to find placement.",33.8328,80.1624,"Mill Creek","2017-10-03",9,5.25399,33.147,13.1064,3.16992,6.096,NA,"B",2,1.6764,NA,0.409960674022524,"BOTH",177.757116,5.314052,2017,"Spin test =60secs. Pool study measurement.","PSRR-MIL-6.592017100355100","HPSRR-MIL-6.592017100355100",98,0,28,0,43011,82,0,56,0,2017-10-04,"ER","TC",8.74739583333333,14.385,8.33,9.5,16,"bedrock",98,56,0,NA,NA
"108","ER CO  ","PS-MIL-P3","RR-MIL-006.59",9.44,13.9,58.921079,"T4 rr flag missing, used protocol to find placement.",33.8328,80.1624,"Mill Creek","2017-10-03",9,5.25399,33.147,13.1064,3.16992,6.096,NA,"B",2,1.6764,NA,0.481029273012231,"BOTH",177.757116,5.314052,2017,"1:12 spin test ","PSRR-MIL-6.592017100355100","HPSRR-MIL-6.592017100355100",98,0,28,0,43011,82,0,56,0,2017-10-04,"ER","TC",8.74739583333333,14.385,8.33,9.5,16,"bedrock",98,56,0,NA,NA
"109","ER CO  ","PS-MIL-P4","RR-MIL-013.39",9.78,13.1,35.092633,"Upstream secondary RCT = .29",19.56816,95.0976,"Mill Creek","2017-10-03",9,4.24434,42.2529,5.4864,12.86256,4.8768,NA,NA,1,3.72872,NA,0.347633664224566,"BOTH",83.053888,47.960863,2017,"Island upstream of cross section. Flow taken 1 foot below riffle T2.","PSRR-MIL-13.392017100358940","HPSRR-MIL-13.392017100358940",98,0,20,0,43011,94,0,14,0,2017-10-04,"ER","TC",9.54614583333333,13.03375,9.34,9.8,13.56,"bedrock",98,20,0,NA,NA
"110","ER CO  ","PS-DUT-P3","RR-DUT-004.40",7.95,10.6,16.235609,"Pulled loggers at 9:42",24.44496,42.9768,"Dutch Bill Creek","2017-10-16",10,4.34721,15.2781,11.5824,14.9352,9.7536,NA,NA,1,1.51384,NA,0.0418691475912546,"BOTH",106.267329,22.60949,2017,"Spin test 65","PSRR-DUT-4.402017101667920","HPSRR-DUT-4.402017101667920",28,0,6,0,43024,30,0,6,0,2017-10-18,"ER","TC",7.99027777777778,10.8588888888889,7.59,8.36,11.5,"alluvial",30,6,0,NA,NA
"111","ER CO  ","PS-DUT-P4","RR-DUT-007.10",9.58,9.4,40.935304,"Logger pulled at 1054",37.4904,92.6592,"Dutch Bill Creek","2017-10-16",10,4.90728,22.2504,6.096,7.0104,4.8768,NA,NA,1,0.97536,NA,0.0437923619681703,"BOTH",183.975811,6.837661,2017,"SRCD Pygmy, spin test= 65+","PSRR-DUT-7.102017101675360","HPSRR-DUT-7.102017101675360",96,0,24,3,43024,120,0,12,3,2017-10-18,"ER","TC",9.50545454545455,9.47545454545454,9.21,9.79,9.66,"bedrock",120,24,3,NA,NA
"112","ER CO  ","PS-GRE-P1","RR-GRE-012.04",8.12,11.5,9.191157,"Pulled inter logger @ 1235
Pulled do/stage lggers @ 1240",28.59024,52.1208,"Green Valley Creek","2017-10-16",10,2.24409,14.3256,1.524,9.4488,0.9144,NA,"B",2,0.5588,NA,0.0193944319479544,"BOTH",64.159044,5.279986,2017,"Spin test 60 sec, rcd Pygmy ","PSRR-GRE-12.042017101682320","HPSRR-GRE-12.042017101682320",36,0,12,0,43024,32,0,18,4,2017-10-18,"ER","TC",7.22576923076923,10.9703846153846,4.27,8.71,11.6,"bedrock",36,18,4,NA,NA
"113","ER CO  ","PS-GRE-P2","RR-GRE-012.79",6.73,11.3,3.504463,"Dry in/out riffles
Do/stage pulled at 1:40",12.3444,46.6344,"Green Valley Creek","2017-10-16",10,2.34315,12.1158,0,0,0,NA,"B",2,0,NA,NA,"NEITHER",28.924768,0,2017,NA,"PSRR-GRE-12.792017101686100","HPSRR-GRE-12.792017101686100",22,0,6,0,43024,26,0,8,0,2017-10-18,"ER","TC",6.06285714285714,10.0960714285714,5.78,6.73,10.96,"alluvial",26,8,0,NA,NA
"114","ER CO  ","PS-GRE-P3","RR-GRE-013.91",5.2,11.2,4.327586,"Out flow dry
Inflow mostly dry
Loggers pulled at 227
",12.8016,49.3776,"Green Valley Creek","2017-10-16",10,2.16408,15.621,0,4.51104,0,NA,NA,1,0.52832,NA,NA,"NEITHER",27.703675,2.383271,2017,NA,"PSRR-GRE-13.912017101688680","HPSRR-GRE-13.912017101688680",6,0,0,0,43024,5,0,2,0,2017-10-18,"ER","TC",4.90542372881356,10.3606779661017,3.82,5.43,11.08,"clay",6,2,0,NA,NA
"115","ER CO  ","PS-GRE-P4","RR-GRE-014.12",5.34,10.5,10.42074,"Disconnected downstream
Loggers pulled at 319",21.7932,48.768,"Green Valley Creek","2017-10-16",10,3.378926,14.151407,3.048,3.53568,0,NA,NA,1,0.75184,NA,NA,"UP ONLY",73.63757,2.658264,2017,NA,"PSRR-GRE-14.122017101690960","HPSRR-GRE-14.122017101690960",16,0,6,0,43024,18,0,8,0,2017-10-18,"ER","TC",6.14098360655738,9.63672131147541,2.78,8.17,10.24,"clay",18,8,0,NA,NA
"116","CD ER CO ","PS-MIL-P1","RR-MIL-000.31",5.33,12.4,14.417516,"9:40am pulled loggers",39.10584,48.4632,"Mill Creek","2017-10-19",10,2.33172,15.8115,2.1336,3.5052,0,NA,"B",2,0.89916,NA,0.0494776027710981,"UP ONLY",91.18383,3.151734,2017,"Spin test =52","PSRR-MIL-0.312017101930840","HPSRR-MIL-0.312017101930840",0,0,16,4,43026,0,0,28,0,2017-10-19,"TC","CO",5.3605,12.442,4.77,6.01,12.5,"alluvial",NA,NA,NA,NA,NA
"117","CD ER CO ","PS-MIL-P3","RR-MIL-006.59",10.35,11.6,55.156158,NA,33.8328,81.0768,"Mill Creek","2017-10-19",10,5.25018,31.0515,14.9352,3.16992,7.3152,NA,"B",2,1.58496,NA,0.480386421041058,"BOTH",177.628213,5.024194,2017,"Spin test = 38 secs","PSRR-MIL-6.592017101937920","HPSRR-MIL-6.592017101937920",84,0,34,2,43026,129,0,33,0,2017-10-19,"TC","CO",9.79583333333333,11.1583333333333,9.03,10.35,11.62,"bedrock",NA,NA,NA,NA,NA
"118","CD ER CO ","PS-MIL-P4","RR-MIL-013.39",10.37,11.3,34.288735,"Alt RCT .26
",19.56816,93.8784,"Mill Creek","2017-10-19",10,4.28625,40.8813,7.0104,12.86256,4.2672,NA,"B",2,3.46456,NA,0.0758925945251269,"BOTH",83.87399,44.563089,2017,"Original crosssection","PSRR-MIL-13.392017101943140","HPSRR-MIL-13.392017101943140",168,0,14,0,43026,120,0,16,0,2017-10-19,"NB","CO",10.1594444444444,10.6407407407407,9.96,10.37,11.26,"bedrock",NA,NA,NA,NA,NA
"119","ER CO CD ","PS-MIL-P2","RR-MIL-000.57",1.4,14.4,15.455347,"Riffle has been shrinking over time but due to angle the loss of length has not been recorded
Loggers were pulled at 10:24",18.25752,58.2168,"Mill Creek","2017-10-19",10,3.64236,23.241,0,0,0,NA,"B",2,0,NA,NA,"NEITHER",66.500432,0,2017,NA,"PSRR-MIL-0.572017101933420","HPSRR-MIL-0.572017101933420",0,0,0,0,43026,0,0,0,0,2017-10-19,"TC","CO",0.734883720930233,14.3846511627907,0.39,1.4,14.46,"alluvial",NA,NA,NA,NA,NA
"120",NA,NA,NA,NA,NA,NA,NA,NA,NA,NA,NA,NA,NA,NA,NA,NA,NA,NA,NA,NA,NA,NA,NA,NA,NA,NA,NA,NA,NA,NA,NA,NA,NA,NA,NA,NA,NA,NA,NA,NA,NA,NA,NA,NA,NA,NA,NA,NA,NA,NA,NA,NA,NA
"121",NA,NA,NA,NA,NA,NA,NA,NA,NA,NA,NA,NA,NA,NA,NA,NA,NA,NA,NA,NA,NA,NA,NA,NA,NA,NA,NA,NA,NA,NA,NA,NA,NA,NA,NA,NA,NA,NA,NA,NA,NA,NA,NA,NA,NA,NA,NA,NA,NA,NA,NA,NA,NA
"122",NA,NA,NA,NA,NA,NA,NA,NA,NA,NA,NA,NA,NA,NA,NA,NA,NA,NA,NA,NA,NA,NA,NA,NA,NA,NA,NA,NA,NA,NA,NA,NA,NA,NA,NA,NA,NA,NA,NA,NA,NA,NA,NA,NA,NA,NA,NA,NA,NA,NA,NA,NA,NA
"123",NA,NA,NA,NA,NA,NA,NA,NA,NA,NA,NA,NA,NA,NA,NA,NA,NA,NA,NA,NA,NA,NA,NA,NA,NA,NA,NA,NA,NA,NA,NA,NA,NA,NA,NA,NA,NA,NA,NA,NA,NA,NA,NA,NA,NA,NA,NA,NA,NA,NA,NA,NA,NA
"124",NA,NA,NA,NA,NA,NA,NA,NA,NA,NA,NA,NA,NA,NA,NA,NA,NA,NA,NA,NA,NA,NA,NA,NA,NA,NA,NA,NA,NA,NA,NA,NA,NA,NA,NA,NA,NA,NA,NA,NA,NA,NA,NA,NA,NA,NA,NA,NA,NA,NA,NA,NA,NA
"125",NA,NA,NA,NA,NA,NA,NA,NA,NA,NA,NA,NA,NA,NA,NA,NA,NA,NA,NA,NA,NA,NA,NA,NA,NA,NA,NA,NA,NA,NA,NA,NA,NA,NA,NA,NA,NA,NA,NA,NA,NA,NA,NA,NA,NA,NA,NA,NA,NA,NA,NA,NA,NA
"126",NA,NA,NA,NA,NA,NA,NA,NA,NA,NA,NA,NA,NA,NA,NA,NA,NA,NA,NA,NA,NA,NA,NA,NA,NA,NA,NA,NA,NA,NA,NA,NA,NA,NA,NA,NA,NA,NA,NA,NA,NA,NA,NA,NA,NA,NA,NA,NA,NA,NA,NA,NA,NA
"127",NA,NA,NA,NA,NA,NA,NA,NA,NA,NA,NA,NA,NA,NA,NA,NA,NA,NA,NA,NA,NA,NA,NA,NA,NA,NA,NA,NA,NA,NA,NA,NA,NA,NA,NA,NA,NA,NA,NA,NA,NA,NA,NA,NA,NA,NA,NA,NA,NA,NA,NA,NA,NA
"128",NA,NA,NA,NA,NA,NA,NA,NA,NA,NA,NA,NA,NA,NA,NA,NA,NA,NA,NA,NA,NA,NA,NA,NA,NA,NA,NA,NA,NA,NA,NA,NA,NA,NA,NA,NA,NA,NA,NA,NA,NA,NA,NA,NA,NA,NA,NA,NA,NA,NA,NA,NA,NA
"129",NA,NA,NA,NA,NA,NA,NA,NA,NA,NA,NA,NA,NA,NA,NA,NA,NA,NA,NA,NA,NA,NA,NA,NA,NA,NA,NA,NA,NA,NA,NA,NA,NA,NA,NA,NA,NA,NA,NA,NA,NA,NA,NA,NA,NA,NA,NA,NA,NA,NA,NA,NA,NA
"130",NA,NA,NA,NA,NA,NA,NA,NA,NA,NA,NA,NA,NA,NA,NA,NA,NA,NA,NA,NA,NA,NA,NA,NA,NA,NA,NA,NA,NA,NA,NA,NA,NA,NA,NA,NA,NA,NA,NA,NA,NA,NA,NA,NA,NA,NA,NA,NA,NA,NA,NA,NA,NA
"131",NA,NA,NA,NA,NA,NA,NA,NA,NA,NA,NA,NA,NA,NA,NA,NA,NA,NA,NA,NA,NA,NA,NA,NA,NA,NA,NA,NA,NA,NA,NA,NA,NA,NA,NA,NA,NA,NA,NA,NA,NA,NA,NA,NA,NA,NA,NA,NA,NA,NA,NA,NA,NA
"132",NA,NA,NA,NA,NA,NA,NA,NA,NA,NA,NA,NA,NA,NA,NA,NA,NA,NA,NA,NA,NA,NA,NA,NA,NA,NA,NA,NA,NA,NA,NA,NA,NA,NA,NA,NA,NA,NA,NA,NA,NA,NA,NA,NA,NA,NA,NA,NA,NA,NA,NA,NA,NA
"133",NA,NA,NA,NA,NA,NA,NA,NA,NA,NA,NA,NA,NA,NA,NA,NA,NA,NA,NA,NA,NA,NA,NA,NA,NA,NA,NA,NA,NA,NA,NA,NA,NA,NA,NA,NA,NA,NA,NA,NA,NA,NA,NA,NA,NA,NA,NA,NA,NA,NA,NA,NA,NA
"134",NA,NA,NA,NA,NA,NA,NA,NA,NA,NA,NA,NA,NA,NA,NA,NA,NA,NA,NA,NA,NA,NA,NA,NA,NA,NA,NA,NA,NA,NA,NA,NA,NA,NA,NA,NA,NA,NA,NA,NA,NA,NA,NA,NA,NA,NA,NA,NA,NA,NA,NA,NA,NA
"135",NA,NA,NA,NA,NA,NA,NA,NA,NA,NA,NA,NA,NA,NA,NA,NA,NA,NA,NA,NA,NA,NA,NA,NA,NA,NA,NA,NA,NA,NA,NA,NA,NA,NA,NA,NA,NA,NA,NA,NA,NA,NA,NA,NA,NA,NA,NA,NA,NA,NA,NA,NA,NA
"136",NA,NA,NA,NA,NA,NA,NA,NA,NA,NA,NA,NA,NA,NA,NA,NA,NA,NA,NA,NA,NA,NA,NA,NA,NA,NA,NA,NA,NA,NA,NA,NA,NA,NA,NA,NA,NA,NA,NA,NA,NA,NA,NA,NA,NA,NA,NA,NA,NA,NA,NA,NA,NA
"137",NA,NA,NA,NA,NA,NA,NA,NA,NA,NA,NA,NA,NA,NA,NA,NA,NA,NA,NA,NA,NA,NA,NA,NA,NA,NA,NA,NA,NA,NA,NA,NA,NA,NA,NA,NA,NA,NA,NA,NA,NA,NA,NA,NA,NA,NA,NA,NA,NA,NA,NA,NA,NA
"138",NA,NA,NA,NA,NA,NA,NA,NA,NA,NA,NA,NA,NA,NA,NA,NA,NA,NA,NA,NA,NA,NA,NA,NA,NA,NA,NA,NA,NA,NA,NA,NA,NA,NA,NA,NA,NA,NA,NA,NA,NA,NA,NA,NA,NA,NA,NA,NA,NA,NA,NA,NA,NA
"139",NA,NA,NA,NA,NA,NA,NA,NA,NA,NA,NA,NA,NA,NA,NA,NA,NA,NA,NA,NA,NA,NA,NA,NA,NA,NA,NA,NA,NA,NA,NA,NA,NA,NA,NA,NA,NA,NA,NA,NA,NA,NA,NA,NA,NA,NA,NA,NA,NA,NA,NA,NA,NA
"140",NA,NA,NA,NA,NA,NA,NA,NA,NA,NA,NA,NA,NA,NA,NA,NA,NA,NA,NA,NA,NA,NA,NA,NA,NA,NA,NA,NA,NA,NA,NA,NA,NA,NA,NA,NA,NA,NA,NA,NA,NA,NA,NA,NA,NA,NA,NA,NA,NA,NA,NA,NA,NA
"141",NA,NA,NA,NA,NA,NA,NA,NA,NA,NA,NA,NA,NA,NA,NA,NA,NA,NA,NA,NA,NA,NA,NA,NA,NA,NA,NA,NA,NA,NA,NA,NA,NA,NA,NA,NA,NA,NA,NA,NA,NA,NA,NA,NA,NA,NA,NA,NA,NA,NA,NA,NA,NA
"142",NA,NA,NA,NA,NA,NA,NA,NA,NA,NA,NA,NA,NA,NA,NA,NA,NA,NA,NA,NA,NA,NA,NA,NA,NA,NA,NA,NA,NA,NA,NA,NA,NA,NA,NA,NA,NA,NA,NA,NA,NA,NA,NA,NA,NA,NA,NA,NA,NA,NA,NA,NA,NA
"143",NA,NA,NA,NA,NA,NA,NA,NA,NA,NA,NA,NA,NA,NA,NA,NA,NA,NA,NA,NA,NA,NA,NA,NA,NA,NA,NA,NA,NA,NA,NA,NA,NA,NA,NA,NA,NA,NA,NA,NA,NA,NA,NA,NA,NA,NA,NA,NA,NA,NA,NA,NA,NA
"144",NA,NA,NA,NA,NA,NA,NA,NA,NA,NA,NA,NA,NA,NA,NA,NA,NA,NA,NA,NA,NA,NA,NA,NA,NA,NA,NA,NA,NA,NA,NA,NA,NA,NA,NA,NA,NA,NA,NA,NA,NA,NA,NA,NA,NA,NA,NA,NA,NA,NA,NA,NA,NA
"145",NA,NA,NA,NA,NA,NA,NA,NA,NA,NA,NA,NA,NA,NA,NA,NA,NA,NA,NA,NA,NA,NA,NA,NA,NA,NA,NA,NA,NA,NA,NA,NA,NA,NA,NA,NA,NA,NA,NA,NA,NA,NA,NA,NA,NA,NA,NA,NA,NA,NA,NA,NA,NA
"146",NA,NA,NA,NA,NA,NA,NA,NA,NA,NA,NA,NA,NA,NA,NA,NA,NA,NA,NA,NA,NA,NA,NA,NA,NA,NA,NA,NA,NA,NA,NA,NA,NA,NA,NA,NA,NA,NA,NA,NA,NA,NA,NA,NA,NA,NA,NA,NA,NA,NA,NA,NA,NA
"147",NA,NA,NA,NA,NA,NA,NA,NA,NA,NA,NA,NA,NA,NA,NA,NA,NA,NA,NA,NA,NA,NA,NA,NA,NA,NA,NA,NA,NA,NA,NA,NA,NA,NA,NA,NA,NA,NA,NA,NA,NA,NA,NA,NA,NA,NA,NA,NA,NA,NA,NA,NA,NA
"148",NA,NA,NA,NA,NA,NA,NA,NA,NA,NA,NA,NA,NA,NA,NA,NA,NA,NA,NA,NA,NA,NA,NA,NA,NA,NA,NA,NA,NA,NA,NA,NA,NA,NA,NA,NA,NA,NA,NA,NA,NA,NA,NA,NA,NA,NA,NA,NA,NA,NA,NA,NA,NA
"149",NA,NA,NA,NA,NA,NA,NA,NA,NA,NA,NA,NA,NA,NA,NA,NA,NA,NA,NA,NA,NA,NA,NA,NA,NA,NA,NA,NA,NA,NA,NA,NA,NA,NA,NA,NA,NA,NA,NA,NA,NA,NA,NA,NA,NA,NA,NA,NA,NA,NA,NA,NA,NA
"150",NA,NA,NA,NA,NA,NA,NA,NA,NA,NA,NA,NA,NA,NA,NA,NA,NA,NA,NA,NA,NA,NA,NA,NA,NA,NA,NA,NA,NA,NA,NA,NA,NA,NA,NA,NA,NA,NA,NA,NA,NA,NA,NA,NA,NA,NA,NA,NA,NA,NA,NA,NA,NA
"151",NA,NA,NA,NA,NA,NA,NA,NA,NA,NA,NA,NA,NA,NA,NA,NA,NA,NA,NA,NA,NA,NA,NA,NA,NA,NA,NA,NA,NA,NA,NA,NA,NA,NA,NA,NA,NA,NA,NA,NA,NA,NA,NA,NA,NA,NA,NA,NA,NA,NA,NA,NA,NA
"152",NA,NA,NA,NA,NA,NA,NA,NA,NA,NA,NA,NA,NA,NA,NA,NA,NA,NA,NA,NA,NA,NA,NA,NA,NA,NA,NA,NA,NA,NA,NA,NA,NA,NA,NA,NA,NA,NA,NA,NA,NA,NA,NA,NA,NA,NA,NA,NA,NA,NA,NA,NA,NA
"153",NA,NA,NA,NA,NA,NA,NA,NA,NA,NA,NA,NA,NA,NA,NA,NA,NA,NA,NA,NA,NA,NA,NA,NA,NA,NA,NA,NA,NA,NA,NA,NA,NA,NA,NA,NA,NA,NA,NA,NA,NA,NA,NA,NA,NA,NA,NA,NA,NA,NA,NA,NA,NA
"154",NA,NA,NA,NA,NA,NA,NA,NA,NA,NA,NA,NA,NA,NA,NA,NA,NA,NA,NA,NA,NA,NA,NA,NA,NA,NA,NA,NA,NA,NA,NA,NA,NA,NA,NA,NA,NA,NA,NA,NA,NA,NA,NA,NA,NA,NA,NA,NA,NA,NA,NA,NA,NA
"155",NA,NA,NA,NA,NA,NA,NA,NA,NA,NA,NA,NA,NA,NA,NA,NA,NA,NA,NA,NA,NA,NA,NA,NA,NA,NA,NA,NA,NA,NA,NA,NA,NA,NA,NA,NA,NA,NA,NA,NA,NA,NA,NA,NA,NA,NA,NA,NA,NA,NA,NA,NA,NA
"156",NA,NA,NA,NA,NA,NA,NA,NA,NA,NA,NA,NA,NA,NA,NA,NA,NA,NA,NA,NA,NA,NA,NA,NA,NA,NA,NA,NA,NA,NA,NA,NA,NA,NA,NA,NA,NA,NA,NA,NA,NA,NA,NA,NA,NA,NA,NA,NA,NA,NA,NA,NA,NA
"157",NA,NA,NA,NA,NA,NA,NA,NA,NA,NA,NA,NA,NA,NA,NA,NA,NA,NA,NA,NA,NA,NA,NA,NA,NA,NA,NA,NA,NA,NA,NA,NA,NA,NA,NA,NA,NA,NA,NA,NA,NA,NA,NA,NA,NA,NA,NA,NA,NA,NA,NA,NA,NA
"158",NA,NA,NA,NA,NA,NA,NA,NA,NA,NA,NA,NA,NA,NA,NA,NA,NA,NA,NA,NA,NA,NA,NA,NA,NA,NA,NA,NA,NA,NA,NA,NA,NA,NA,NA,NA,NA,NA,NA,NA,NA,NA,NA,NA,NA,NA,NA,NA,NA,NA,NA,NA,NA
"159",NA,NA,NA,NA,NA,NA,NA,NA,NA,NA,NA,NA,NA,NA,NA,NA,NA,NA,NA,NA,NA,NA,NA,NA,NA,NA,NA,NA,NA,NA,NA,NA,NA,NA,NA,NA,NA,NA,NA,NA,NA,NA,NA,NA,NA,NA,NA,NA,NA,NA,NA,NA,NA
"160",NA,NA,NA,NA,NA,NA,NA,NA,NA,NA,NA,NA,NA,NA,NA,NA,NA,NA,NA,NA,NA,NA,NA,NA,NA,NA,NA,NA,NA,NA,NA,NA,NA,NA,NA,NA,NA,NA,NA,NA,NA,NA,NA,NA,NA,NA,NA,NA,NA,NA,NA,NA,NA
"161",NA,NA,NA,NA,NA,NA,NA,NA,NA,NA,NA,NA,NA,NA,NA,NA,NA,NA,NA,NA,NA,NA,NA,NA,NA,NA,NA,NA,NA,NA,NA,NA,NA,NA,NA,NA,NA,NA,NA,NA,NA,NA,NA,NA,NA,NA,NA,NA,NA,NA,NA,NA,NA
"162",NA,NA,NA,NA,NA,NA,NA,NA,NA,NA,NA,NA,NA,NA,NA,NA,NA,NA,NA,NA,NA,NA,NA,NA,NA,NA,NA,NA,NA,NA,NA,NA,NA,NA,NA,NA,NA,NA,NA,NA,NA,NA,NA,NA,NA,NA,NA,NA,NA,NA,NA,NA,NA
"163",NA,NA,NA,NA,NA,NA,NA,NA,NA,NA,NA,NA,NA,NA,NA,NA,NA,NA,NA,NA,NA,NA,NA,NA,NA,NA,NA,NA,NA,NA,NA,NA,NA,NA,NA,NA,NA,NA,NA,NA,NA,NA,NA,NA,NA,NA,NA,NA,NA,NA,NA,NA,NA
"164",NA,NA,NA,NA,NA,NA,NA,NA,NA,NA,NA,NA,NA,NA,NA,NA,NA,NA,NA,NA,NA,NA,NA,NA,NA,NA,NA,NA,NA,NA,NA,NA,NA,NA,NA,NA,NA,NA,NA,NA,NA,NA,NA,NA,NA,NA,NA,NA,NA,NA,NA,NA,NA
"165",NA,NA,NA,NA,NA,NA,NA,NA,NA,NA,NA,NA,NA,NA,NA,NA,NA,NA,NA,NA,NA,NA,NA,NA,NA,NA,NA,NA,NA,NA,NA,NA,NA,NA,NA,NA,NA,NA,NA,NA,NA,NA,NA,NA,NA,NA,NA,NA,NA,NA,NA,NA,NA
"166",NA,NA,NA,NA,NA,NA,NA,NA,NA,NA,NA,NA,NA,NA,NA,NA,NA,NA,NA,NA,NA,NA,NA,NA,NA,NA,NA,NA,NA,NA,NA,NA,NA,NA,NA,NA,NA,NA,NA,NA,NA,NA,NA,NA,NA,NA,NA,NA,NA,NA,NA,NA,NA
"167",NA,NA,NA,NA,NA,NA,NA,NA,NA,NA,NA,NA,NA,NA,NA,NA,NA,NA,NA,NA,NA,NA,NA,NA,NA,NA,NA,NA,NA,NA,NA,NA,NA,NA,NA,NA,NA,NA,NA,NA,NA,NA,NA,NA,NA,NA,NA,NA,NA,NA,NA,NA,NA
"168",NA,NA,NA,NA,NA,NA,NA,NA,NA,NA,NA,NA,NA,NA,NA,NA,NA,NA,NA,NA,NA,NA,NA,NA,NA,NA,NA,NA,NA,NA,NA,NA,NA,NA,NA,NA,NA,NA,NA,NA,NA,NA,NA,NA,NA,NA,NA,NA,NA,NA,NA,NA,NA
"169",NA,NA,NA,NA,NA,NA,NA,NA,NA,NA,NA,NA,NA,NA,NA,NA,NA,NA,NA,NA,NA,NA,NA,NA,NA,NA,NA,NA,NA,NA,NA,NA,NA,NA,NA,NA,NA,NA,NA,NA,NA,NA,NA,NA,NA,NA,NA,NA,NA,NA,NA,NA,NA
"170",NA,NA,NA,NA,NA,NA,NA,NA,NA,NA,NA,NA,NA,NA,NA,NA,NA,NA,NA,NA,NA,NA,NA,NA,NA,NA,NA,NA,NA,NA,NA,NA,NA,NA,NA,NA,NA,NA,NA,NA,NA,NA,NA,NA,NA,NA,NA,NA,NA,NA,NA,NA,NA
"171",NA,NA,NA,NA,NA,NA,NA,NA,NA,NA,NA,NA,NA,NA,NA,NA,NA,NA,NA,NA,NA,NA,NA,NA,NA,NA,NA,NA,NA,NA,NA,NA,NA,NA,NA,NA,NA,NA,NA,NA,NA,NA,NA,NA,NA,NA,NA,NA,NA,NA,NA,NA,NA
"172",NA,NA,NA,NA,NA,NA,NA,NA,NA,NA,NA,NA,NA,NA,NA,NA,NA,NA,NA,NA,NA,NA,NA,NA,NA,NA,NA,NA,NA,NA,NA,NA,NA,NA,NA,NA,NA,NA,NA,NA,NA,NA,NA,NA,NA,NA,NA,NA,NA,NA,NA,NA,NA
"173",NA,NA,NA,NA,NA,NA,NA,NA,NA,NA,NA,NA,NA,NA,NA,NA,NA,NA,NA,NA,NA,NA,NA,NA,NA,NA,NA,NA,NA,NA,NA,NA,NA,NA,NA,NA,NA,NA,NA,NA,NA,NA,NA,NA,NA,NA,NA,NA,NA,NA,NA,NA,NA
"174",NA,NA,NA,NA,NA,NA,NA,NA,NA,NA,NA,NA,NA,NA,NA,NA,NA,NA,NA,NA,NA,NA,NA,NA,NA,NA,NA,NA,NA,NA,NA,NA,NA,NA,NA,NA,NA,NA,NA,NA,NA,NA,NA,NA,NA,NA,NA,NA,NA,NA,NA,NA,NA
"175",NA,NA,NA,NA,NA,NA,NA,NA,NA,NA,NA,NA,NA,NA,NA,NA,NA,NA,NA,NA,NA,NA,NA,NA,NA,NA,NA,NA,NA,NA,NA,NA,NA,NA,NA,NA,NA,NA,NA,NA,NA,NA,NA,NA,NA,NA,NA,NA,NA,NA,NA,NA,NA
"176",NA,NA,NA,NA,NA,NA,NA,NA,NA,NA,NA,NA,NA,NA,NA,NA,NA,NA,NA,NA,NA,NA,NA,NA,NA,NA,NA,NA,NA,NA,NA,NA,NA,NA,NA,NA,NA,NA,NA,NA,NA,NA,NA,NA,NA,NA,NA,NA,NA,NA,NA,NA,NA
"177",NA,NA,NA,NA,NA,NA,NA,NA,NA,NA,NA,NA,NA,NA,NA,NA,NA,NA,NA,NA,NA,NA,NA,NA,NA,NA,NA,NA,NA,NA,NA,NA,NA,NA,NA,NA,NA,NA,NA,NA,NA,NA,NA,NA,NA,NA,NA,NA,NA,NA,NA,NA,NA
"178",NA,NA,NA,NA,NA,NA,NA,NA,NA,NA,NA,NA,NA,NA,NA,NA,NA,NA,NA,NA,NA,NA,NA,NA,NA,NA,NA,NA,NA,NA,NA,NA,NA,NA,NA,NA,NA,NA,NA,NA,NA,NA,NA,NA,NA,NA,NA,NA,NA,NA,NA,NA,NA
"179",NA,NA,NA,NA,NA,NA,NA,NA,NA,NA,NA,NA,NA,NA,NA,NA,NA,NA,NA,NA,NA,NA,NA,NA,NA,NA,NA,NA,NA,NA,NA,NA,NA,NA,NA,NA,NA,NA,NA,NA,NA,NA,NA,NA,NA,NA,NA,NA,NA,NA,NA,NA,NA
"180",NA,NA,NA,NA,NA,NA,NA,NA,NA,NA,NA,NA,NA,NA,NA,NA,NA,NA,NA,NA,NA,NA,NA,NA,NA,NA,NA,NA,NA,NA,NA,NA,NA,NA,NA,NA,NA,NA,NA,NA,NA,NA,NA,NA,NA,NA,NA,NA,NA,NA,NA,NA,NA
"181",NA,NA,NA,NA,NA,NA,NA,NA,NA,NA,NA,NA,NA,NA,NA,NA,NA,NA,NA,NA,NA,NA,NA,NA,NA,NA,NA,NA,NA,NA,NA,NA,NA,NA,NA,NA,NA,NA,NA,NA,NA,NA,NA,NA,NA,NA,NA,NA,NA,NA,NA,NA,NA
"182",NA,NA,NA,NA,NA,NA,NA,NA,NA,NA,NA,NA,NA,NA,NA,NA,NA,NA,NA,NA,NA,NA,NA,NA,NA,NA,NA,NA,NA,NA,NA,NA,NA,NA,NA,NA,NA,NA,NA,NA,NA,NA,NA,NA,NA,NA,NA,NA,NA,NA,NA,NA,NA
"183",NA,NA,NA,NA,NA,NA,NA,NA,NA,NA,NA,NA,NA,NA,NA,NA,NA,NA,NA,NA,NA,NA,NA,NA,NA,NA,NA,NA,NA,NA,NA,NA,NA,NA,NA,NA,NA,NA,NA,NA,NA,NA,NA,NA,NA,NA,NA,NA,NA,NA,NA,NA,NA
"184",NA,NA,NA,NA,NA,NA,NA,NA,NA,NA,NA,NA,NA,NA,NA,NA,NA,NA,NA,NA,NA,NA,NA,NA,NA,NA,NA,NA,NA,NA,NA,NA,NA,NA,NA,NA,NA,NA,NA,NA,NA,NA,NA,NA,NA,NA,NA,NA,NA,NA,NA,NA,NA
"185",NA,NA,NA,NA,NA,NA,NA,NA,NA,NA,NA,NA,NA,NA,NA,NA,NA,NA,NA,NA,NA,NA,NA,NA,NA,NA,NA,NA,NA,NA,NA,NA,NA,NA,NA,NA,NA,NA,NA,NA,NA,NA,NA,NA,NA,NA,NA,NA,NA,NA,NA,NA,NA
"186",NA,NA,NA,NA,NA,NA,NA,NA,NA,NA,NA,NA,NA,NA,NA,NA,NA,NA,NA,NA,NA,NA,NA,NA,NA,NA,NA,NA,NA,NA,NA,NA,NA,NA,NA,NA,NA,NA,NA,NA,NA,NA,NA,NA,NA,NA,NA,NA,NA,NA,NA,NA,NA
"187",NA,NA,NA,NA,NA,NA,NA,NA,NA,NA,NA,NA,NA,NA,NA,NA,NA,NA,NA,NA,NA,NA,NA,NA,NA,NA,NA,NA,NA,NA,NA,NA,NA,NA,NA,NA,NA,NA,NA,NA,NA,NA,NA,NA,NA,NA,NA,NA,NA,NA,NA,NA,NA
"188",NA,NA,NA,NA,NA,NA,NA,NA,NA,NA,NA,NA,NA,NA,NA,NA,NA,NA,NA,NA,NA,NA,NA,NA,NA,NA,NA,NA,NA,NA,NA,NA,NA,NA,NA,NA,NA,NA,NA,NA,NA,NA,NA,NA,NA,NA,NA,NA,NA,NA,NA,NA,NA
"189",NA,NA,NA,NA,NA,NA,NA,NA,NA,NA,NA,NA,NA,NA,NA,NA,NA,NA,NA,NA,NA,NA,NA,NA,NA,NA,NA,NA,NA,NA,NA,NA,NA,NA,NA,NA,NA,NA,NA,NA,NA,NA,NA,NA,NA,NA,NA,NA,NA,NA,NA,NA,NA
"190",NA,NA,NA,NA,NA,NA,NA,NA,NA,NA,NA,NA,NA,NA,NA,NA,NA,NA,NA,NA,NA,NA,NA,NA,NA,NA,NA,NA,NA,NA,NA,NA,NA,NA,NA,NA,NA,NA,NA,NA,NA,NA,NA,NA,NA,NA,NA,NA,NA,NA,NA,NA,NA
"191",NA,NA,NA,NA,NA,NA,NA,NA,NA,NA,NA,NA,NA,NA,NA,NA,NA,NA,NA,NA,NA,NA,NA,NA,NA,NA,NA,NA,NA,NA,NA,NA,NA,NA,NA,NA,NA,NA,NA,NA,NA,NA,NA,NA,NA,NA,NA,NA,NA,NA,NA,NA,NA
"192",NA,NA,NA,NA,NA,NA,NA,NA,NA,NA,NA,NA,NA,NA,NA,NA,NA,NA,NA,NA,NA,NA,NA,NA,NA,NA,NA,NA,NA,NA,NA,NA,NA,NA,NA,NA,NA,NA,NA,NA,NA,NA,NA,NA,NA,NA,NA,NA,NA,NA,NA,NA,NA
"193",NA,NA,NA,NA,NA,NA,NA,NA,NA,NA,NA,NA,NA,NA,NA,NA,NA,NA,NA,NA,NA,NA,NA,NA,NA,NA,NA,NA,NA,NA,NA,NA,NA,NA,NA,NA,NA,NA,NA,NA,NA,NA,NA,NA,NA,NA,NA,NA,NA,NA,NA,NA,NA
"194",NA,NA,NA,NA,NA,NA,NA,NA,NA,NA,NA,NA,NA,NA,NA,NA,NA,NA,NA,NA,NA,NA,NA,NA,NA,NA,NA,NA,NA,NA,NA,NA,NA,NA,NA,NA,NA,NA,NA,NA,NA,NA,NA,NA,NA,NA,NA,NA,NA,NA,NA,NA,NA
"195",NA,NA,NA,NA,NA,NA,NA,NA,NA,NA,NA,NA,NA,NA,NA,NA,NA,NA,NA,NA,NA,NA,NA,NA,NA,NA,NA,NA,NA,NA,NA,NA,NA,NA,NA,NA,NA,NA,NA,NA,NA,NA,NA,NA,NA,NA,NA,NA,NA,NA,NA,NA,NA
"196",NA,NA,NA,NA,NA,NA,NA,NA,NA,NA,NA,NA,NA,NA,NA,NA,NA,NA,NA,NA,NA,NA,NA,NA,NA,NA,NA,NA,NA,NA,NA,NA,NA,NA,NA,NA,NA,NA,NA,NA,NA,NA,NA,NA,NA,NA,NA,NA,NA,NA,NA,NA,NA
"197",NA,NA,NA,NA,NA,NA,NA,NA,NA,NA,NA,NA,NA,NA,NA,NA,NA,NA,NA,NA,NA,NA,NA,NA,NA,NA,NA,NA,NA,NA,NA,NA,NA,NA,NA,NA,NA,NA,NA,NA,NA,NA,NA,NA,NA,NA,NA,NA,NA,NA,NA,NA,NA
"198",NA,NA,NA,NA,NA,NA,NA,NA,NA,NA,NA,NA,NA,NA,NA,NA,NA,NA,NA,NA,NA,NA,NA,NA,NA,NA,NA,NA,NA,NA,NA,NA,NA,NA,NA,NA,NA,NA,NA,NA,NA,NA,NA,NA,NA,NA,NA,NA,NA,NA,NA,NA,NA
"199",NA,NA,NA,NA,NA,NA,NA,NA,NA,NA,NA,NA,NA,NA,NA,NA,NA,NA,NA,NA,NA,NA,NA,NA,NA,NA,NA,NA,NA,NA,NA,NA,NA,NA,NA,NA,NA,NA,NA,NA,NA,NA,NA,NA,NA,NA,NA,NA,NA,NA,NA,NA,NA
"200",NA,NA,NA,NA,NA,NA,NA,NA,NA,NA,NA,NA,NA,NA,NA,NA,NA,NA,NA,NA,NA,NA,NA,NA,NA,NA,NA,NA,NA,NA,NA,NA,NA,NA,NA,NA,NA,NA,NA,NA,NA,NA,NA,NA,NA,NA,NA,NA,NA,NA,NA,NA,NA
"201",NA,NA,NA,NA,NA,NA,NA,NA,NA,NA,NA,NA,NA,NA,NA,NA,NA,NA,NA,NA,NA,NA,NA,NA,NA,NA,NA,NA,NA,NA,NA,NA,NA,NA,NA,NA,NA,NA,NA,NA,NA,NA,NA,NA,NA,NA,NA,NA,NA,NA,NA,NA,NA
"202",NA,NA,NA,NA,NA,NA,NA,NA,NA,NA,NA,NA,NA,NA,NA,NA,NA,NA,NA,NA,NA,NA,NA,NA,NA,NA,NA,NA,NA,NA,NA,NA,NA,NA,NA,NA,NA,NA,NA,NA,NA,NA,NA,NA,NA,NA,NA,NA,NA,NA,NA,NA,NA
"203",NA,NA,NA,NA,NA,NA,NA,NA,NA,NA,NA,NA,NA,NA,NA,NA,NA,NA,NA,NA,NA,NA,NA,NA,NA,NA,NA,NA,NA,NA,NA,NA,NA,NA,NA,NA,NA,NA,NA,NA,NA,NA,NA,NA,NA,NA,NA,NA,NA,NA,NA,NA,NA
"204",NA,NA,NA,NA,NA,NA,NA,NA,NA,NA,NA,NA,NA,NA,NA,NA,NA,NA,NA,NA,NA,NA,NA,NA,NA,NA,NA,NA,NA,NA,NA,NA,NA,NA,NA,NA,NA,NA,NA,NA,NA,NA,NA,NA,NA,NA,NA,NA,NA,NA,NA,NA,NA
"205",NA,NA,NA,NA,NA,NA,NA,NA,NA,NA,NA,NA,NA,NA,NA,NA,NA,NA,NA,NA,NA,NA,NA,NA,NA,NA,NA,NA,NA,NA,NA,NA,NA,NA,NA,NA,NA,NA,NA,NA,NA,NA,NA,NA,NA,NA,NA,NA,NA,NA,NA,NA,NA
"206",NA,NA,NA,NA,NA,NA,NA,NA,NA,NA,NA,NA,NA,NA,NA,NA,NA,NA,NA,NA,NA,NA,NA,NA,NA,NA,NA,NA,NA,NA,NA,NA,NA,NA,NA,NA,NA,NA,NA,NA,NA,NA,NA,NA,NA,NA,NA,NA,NA,NA,NA,NA,NA
"207",NA,NA,NA,NA,NA,NA,NA,NA,NA,NA,NA,NA,NA,NA,NA,NA,NA,NA,NA,NA,NA,NA,NA,NA,NA,NA,NA,NA,NA,NA,NA,NA,NA,NA,NA,NA,NA,NA,NA,NA,NA,NA,NA,NA,NA,NA,NA,NA,NA,NA,NA,NA,NA
"208",NA,NA,NA,NA,NA,NA,NA,NA,NA,NA,NA,NA,NA,NA,NA,NA,NA,NA,NA,NA,NA,NA,NA,NA,NA,NA,NA,NA,NA,NA,NA,NA,NA,NA,NA,NA,NA,NA,NA,NA,NA,NA,NA,NA,NA,NA,NA,NA,NA,NA,NA,NA,NA
"209",NA,NA,NA,NA,NA,NA,NA,NA,NA,NA,NA,NA,NA,NA,NA,NA,NA,NA,NA,NA,NA,NA,NA,NA,NA,NA,NA,NA,NA,NA,NA,NA,NA,NA,NA,NA,NA,NA,NA,NA,NA,NA,NA,NA,NA,NA,NA,NA,NA,NA,NA,NA,NA
"210",NA,NA,NA,NA,NA,NA,NA,NA,NA,NA,NA,NA,NA,NA,NA,NA,NA,NA,NA,NA,NA,NA,NA,NA,NA,NA,NA,NA,NA,NA,NA,NA,NA,NA,NA,NA,NA,NA,NA,NA,NA,NA,NA,NA,NA,NA,NA,NA,NA,NA,NA,NA,NA
"211",NA,NA,NA,NA,NA,NA,NA,NA,NA,NA,NA,NA,NA,NA,NA,NA,NA,NA,NA,NA,NA,NA,NA,NA,NA,NA,NA,NA,NA,NA,NA,NA,NA,NA,NA,NA,NA,NA,NA,NA,NA,NA,NA,NA,NA,NA,NA,NA,NA,NA,NA,NA,NA
"212",NA,NA,NA,NA,NA,NA,NA,NA,NA,NA,NA,NA,NA,NA,NA,NA,NA,NA,NA,NA,NA,NA,NA,NA,NA,NA,NA,NA,NA,NA,NA,NA,NA,NA,NA,NA,NA,NA,NA,NA,NA,NA,NA,NA,NA,NA,NA,NA,NA,NA,NA,NA,NA
"213",NA,NA,NA,NA,NA,NA,NA,NA,NA,NA,NA,NA,NA,NA,NA,NA,NA,NA,NA,NA,NA,NA,NA,NA,NA,NA,NA,NA,NA,NA,NA,NA,NA,NA,NA,NA,NA,NA,NA,NA,NA,NA,NA,NA,NA,NA,NA,NA,NA,NA,NA,NA,NA
"214",NA,NA,NA,NA,NA,NA,NA,NA,NA,NA,NA,NA,NA,NA,NA,NA,NA,NA,NA,NA,NA,NA,NA,NA,NA,NA,NA,NA,NA,NA,NA,NA,NA,NA,NA,NA,NA,NA,NA,NA,NA,NA,NA,NA,NA,NA,NA,NA,NA,NA,NA,NA,NA
"215",NA,NA,NA,NA,NA,NA,NA,NA,NA,NA,NA,NA,NA,NA,NA,NA,NA,NA,NA,NA,NA,NA,NA,NA,NA,NA,NA,NA,NA,NA,NA,NA,NA,NA,NA,NA,NA,NA,NA,NA,NA,NA,NA,NA,NA,NA,NA,NA,NA,NA,NA,NA,NA
"216",NA,NA,NA,NA,NA,NA,NA,NA,NA,NA,NA,NA,NA,NA,NA,NA,NA,NA,NA,NA,NA,NA,NA,NA,NA,NA,NA,NA,NA,NA,NA,NA,NA,NA,NA,NA,NA,NA,NA,NA,NA,NA,NA,NA,NA,NA,NA,NA,NA,NA,NA,NA,NA
"217",NA,NA,NA,NA,NA,NA,NA,NA,NA,NA,NA,NA,NA,NA,NA,NA,NA,NA,NA,NA,NA,NA,NA,NA,NA,NA,NA,NA,NA,NA,NA,NA,NA,NA,NA,NA,NA,NA,NA,NA,NA,NA,NA,NA,NA,NA,NA,NA,NA,NA,NA,NA,NA
"218",NA,NA,NA,NA,NA,NA,NA,NA,NA,NA,NA,NA,NA,NA,NA,NA,NA,NA,NA,NA,NA,NA,NA,NA,NA,NA,NA,NA,NA,NA,NA,NA,NA,NA,NA,NA,NA,NA,NA,NA,NA,NA,NA,NA,NA,NA,NA,NA,NA,NA,NA,NA,NA
"219",NA,NA,NA,NA,NA,NA,NA,NA,NA,NA,NA,NA,NA,NA,NA,NA,NA,NA,NA,NA,NA,NA,NA,NA,NA,NA,NA,NA,NA,NA,NA,NA,NA,NA,NA,NA,NA,NA,NA,NA,NA,NA,NA,NA,NA,NA,NA,NA,NA,NA,NA,NA,NA
"220",NA,NA,NA,NA,NA,NA,NA,NA,NA,NA,NA,NA,NA,NA,NA,NA,NA,NA,NA,NA,NA,NA,NA,NA,NA,NA,NA,NA,NA,NA,NA,NA,NA,NA,NA,NA,NA,NA,NA,NA,NA,NA,NA,NA,NA,NA,NA,NA,NA,NA,NA,NA,NA
"221",NA,NA,NA,NA,NA,NA,NA,NA,NA,NA,NA,NA,NA,NA,NA,NA,NA,NA,NA,NA,NA,NA,NA,NA,NA,NA,NA,NA,NA,NA,NA,NA,NA,NA,NA,NA,NA,NA,NA,NA,NA,NA,NA,NA,NA,NA,NA,NA,NA,NA,NA,NA,NA
"222",NA,NA,NA,NA,NA,NA,NA,NA,NA,NA,NA,NA,NA,NA,NA,NA,NA,NA,NA,NA,NA,NA,NA,NA,NA,NA,NA,NA,NA,NA,NA,NA,NA,NA,NA,NA,NA,NA,NA,NA,NA,NA,NA,NA,NA,NA,NA,NA,NA,NA,NA,NA,NA
"223",NA,NA,NA,NA,NA,NA,NA,NA,NA,NA,NA,NA,NA,NA,NA,NA,NA,NA,NA,NA,NA,NA,NA,NA,NA,NA,NA,NA,NA,NA,NA,NA,NA,NA,NA,NA,NA,NA,NA,NA,NA,NA,NA,NA,NA,NA,NA,NA,NA,NA,NA,NA,NA
"224",NA,NA,NA,NA,NA,NA,NA,NA,NA,NA,NA,NA,NA,NA,NA,NA,NA,NA,NA,NA,NA,NA,NA,NA,NA,NA,NA,NA,NA,NA,NA,NA,NA,NA,NA,NA,NA,NA,NA,NA,NA,NA,NA,NA,NA,NA,NA,NA,NA,NA,NA,NA,NA
"225",NA,NA,NA,NA,NA,NA,NA,NA,NA,NA,NA,NA,NA,NA,NA,NA,NA,NA,NA,NA,NA,NA,NA,NA,NA,NA,NA,NA,NA,NA,NA,NA,NA,NA,NA,NA,NA,NA,NA,NA,NA,NA,NA,NA,NA,NA,NA,NA,NA,NA,NA,NA,NA
"226",NA,NA,NA,NA,NA,NA,NA,NA,NA,NA,NA,NA,NA,NA,NA,NA,NA,NA,NA,NA,NA,NA,NA,NA,NA,NA,NA,NA,NA,NA,NA,NA,NA,NA,NA,NA,NA,NA,NA,NA,NA,NA,NA,NA,NA,NA,NA,NA,NA,NA,NA,NA,NA
